DID,Dist,PID,Dir,Apara,r,slope,cant,LW,RW
1,0,1,6.283185288933117,0,90000000000,0,0,2,2
2,1,2,6.283185288933117,0,90000000000,0,0,2,2
3,2,3,6.2831852889356945,0,387973779063.61957,0,0,2,2
4,3,4,0.017124267501468476,0,-0.15958989173251173,0,0,2,2
5,4,5,6.283185288923079,0,0.15958989173283306,0,0,2,2
6,5,6,0.012112873111070049,0,-0.15946235885884202,0,0,2,2
7,6,7,0.011685398930645078,0,-2339.3225738355854,0,0,2,2
8,7,8,0.007094903271598552,0,-217.84139976895352,0,0,2,2
9,8,9,0.008790071054728064,0,589.9121077878575,0,0,2,2
10,9,10,0.0060938061970325485,0,-370.88344535065266,0,0,2,2
11,10,11,0.012262400029354128,0,162.11150015426534,0,0,2,2
12,11,12,0.01109791345284834,0,-858.7475546524937,0,0,2,2
13,12,13,0.005093812957832073,0,-166.5528418170307,0,0,2,2
14,13,14,0.009370515647643627,0,233.82499849295422,0,0,2,2
15,14,15,0.008637207525112356,0,-1363.683244838673,0,0,2,2
16,15,16,0.008075461998652115,0,-1780.1654893477435,0,0,2,2
17,16,17,0.007524882601883814,0,-1816.268472575677,0,0,2,2
18,17,18,0.0070445861922349305,0,-2082.0476270706286,0,0,2,2
19,18,19,0.008816075719441409,0,564.4967044072419,0,0,2,2
20,19,20,0.007120332031753031,0,-589.7117631988303,0,0,2,2
21,20,21,0.006917041661454834,0,-4919.072155425508,0,0,2,2
22,21,22,0.006688808854114392,0,-4381.491038264085,0,0,2,2
23,22,23,0.00520048789204617,0,-671.8980821249506,0,0,2,2
24,23,24,0.006688808801200622,0,671.8981060127157,0,0,2,2
25,24,25,0.00784170757211148,0,867.3788412576256,0,0,2,2
26,25,26,0.003355731273032471,0,-222.91691558988052,0,0,2,2
27,26,27,0.008842234636508576,0,182.26544918518488,0,0,2,2
28,27,28,0.0033671065594514586,0,-182.6441292196219,0,0,2,2
29,28,29,0.007078050815699504,0,269.4731935992623,0,0,2,2
30,29,30,0.005947849333680411,0,-884.7979903667358,0,0,2,2
31,30,31,0.00634689716024343,0,2505.9652839434184,0,0,2,2
32,31,32,6.087569966154236,0,0.16444060490045936,0,0,2,2
33,32,33,6.087569966154236,0,90000000000,0,0,2,2
34,33,34,6.087569966154016,0,-4539918979204.129,0,0,2,2
35,34,35,6.087569966154236,0,4539918979204.129,0,0,2,2
36,35,36,6.087569966154236,0,90000000000,0,0,2,2
37,36,37,6.087569966154236,0,90000000000,0,0,2,2
38,37,38,6.087569966154236,0,90000000000,0,0,2,2
39,38,39,6.087569966154016,0,-4539918979204.129,0,0,2,2
40,39,40,6.087569966154236,0,4539918979204.129,0,0,2,2
41,40,41,6.087569966154236,0,90000000000,0,0,2,2
42,41,42,6.087569966154236,0,90000000000,0,0,2,2
43,42,43,6.087569966154236,0,90000000000,0,0,2,2
44,43,44,6.087569966154236,0,90000000000,0,0,2,2
45,44,45,6.087569966154016,0,-4539918979204.129,0,0,2,2
46,45,46,6.087569966154236,0,4539918979204.129,0,0,2,2
47,46,47,6.087569966154236,0,90000000000,0,0,2,2
48,47,48,6.087569966154236,0,90000000000,0,0,2,2
49,48,49,6.087569966154236,0,90000000000,0,0,2,2
50,49,50,6.087569966154016,0,-4539918979204.129,0,0,2,2
51,50,51,6.087569966154236,0,4539918979204.129,0,0,2,2
52,51,52,6.087569966154236,0,90000000000,0,0,2,2
53,52,53,6.238065673040358,0,6.644707817191647,0,0,2,2
54,53,54,6.209739438890511,0,-35.3029631369267,0,0,2,2
55,54,55,6.244251808273143,0,28.97511871506728,0,0,2,2
56,55,56,6.215944055663968,0,-35.32601170450704,0,0,2,2
57,56,57,6.230258461474216,0,69.85969332265694,0,0,2,2
58,57,58,6.238571958746752,0,120.28632081273634,0,0,2,2
59,58,59,6.226485802065634,0,-82.739288128069,0,0,2,2
60,59,60,6.233560779603008,0,141.3432049384531,0,0,2,2
61,60,61,6.2243284323299255,0,-108.31481641896171,0,0,2,2
62,61,62,6.230646910879353,0,158.26594838887956,0,0,2,2
63,62,63,6.230022624899437,0,-1601.8299820443783,0,0,2,2
64,63,64,6.233560779552702,0,282.63320798517594,0,0,2,2
65,64,65,6.230258461385871,0,-302.8175813112386,0,0,2,2
66,65,66,6.228811229771636,0,-690.9744025516786,0,0,2,2
67,66,67,6.228291667327738,0,-1924.6964667012937,0,0,2,2
68,67,68,6.228275010766245,0,-60036.40069303877,0,0,2,2
69,68,69,6.22829166728857,0,60036.54187172057,0,0,2,2
70,69,70,6.230953592568037,0,375.66794519499234,0,0,2,2
71,70,71,6.227439415730112,0,-284.5616615555785,0,0,2,2
72,71,72,6.231982141741701,0,220.13214035995443,0,0,2,2
73,72,73,6.243274605605673,0,88.55463360750767,0,0,2,2
74,73,74,6.240335029549911,0,-340.18510867916723,0,0,2,2
75,74,75,6.240024904495136,0,-3224.505677958713,0,0,2,2
76,75,76,6.239390998334387,0,-1577.5205573310848,0,0,2,2
77,76,77,6.239935471570408,0,1836.6375679152666,0,0,2,2
78,77,78,6.241083378331452,0,871.150893030806,0,0,2,2
79,78,79,6.239283533587395,0,-555.6034781899567,0,0,2,2
80,79,80,6.241290493617014,0,498.2660268474784,0,0,2,2
81,80,81,6.2399395445814045,0,-740.2203737084349,0,0,2,2
82,81,82,6.237572703083419,0,-422.503999888114,0,0,2,2
83,82,83,6.239175540426279,0,623.8936249236857,0,0,2,2
84,83,84,6.239493670550517,0,3143.367835398655,0,0,2,2
85,84,85,6.237796937508843,0,-589.3679061107283,0,0,2,2
86,85,86,6.238554688876455,0,1319.6940879852048,0,0,2,2
87,86,87,6.238065672139656,0,-2044.9197844328198,0,0,2,2
88,87,88,6.237507440512845,0,-1791.3710939540626,0,0,2,2
89,88,89,6.236847944919137,0,-1516.3103583110615,0,0,2,2
90,89,90,6.238554688698466,0,585.9110266644802,0,0,2,2
91,90,91,6.236211574024402,0,-426.7823555838386,0,0,2,2
92,91,92,6.2400249037430555,0,262.2380108146396,0,0,2,2
93,92,93,6.238893547331103,0,-883.8947562725116,0,0,2,2
94,93,94,6.239067014653359,0,5764.774523501316,0,0,2,2
95,94,95,6.239826713149771,0,1316.3116745954305,0,0,2,2
96,95,96,6.238627511469514,0,-833.8880911054075,0,0,2,2
97,96,97,6.242609245244729,0,251.14687632423042,0,0,2,2
98,97,98,6.238065671739035,0,-220.09108001591733,0,0,2,2
99,98,99,6.241420028833753,0,298.11972063875953,0,0,2,2
100,99,100,6.242011559931764,0,1690.5281960028994,0,0,2,2
101,100,101,6.243296852507482,0,778.0329699959298,0,0,2,2
102,101,102,6.2430732510336195,0,-4472.242435278363,0,0,2,2
103,102,103,6.242782055136699,0,-3434.114321577255,0,0,2,2
104,103,104,6.237372487229305,0,-184.85764798943035,0,0,2,2
105,104,105,6.242828930085013,0,183.26958174845626,0,0,2,2
106,105,106,6.246412771323466,0,279.03021742995975,0,0,2,2
107,106,107,6.243473947625387,0,-340.27219824505823,0,0,2,2
108,107,108,6.232290523696753,0,-89.4180535747778,0,0,2,2
109,108,109,6.283185285971049,0,19.64838728611271,0,0,2,2
110,109,110,0.29848336194841235,0,-0.1670926994686223,0,0,2,2
111,110,111,0.29848336194841235,0,90000000000,0,0,2,2
112,111,112,0.29848336194841235,0,90000000000,0,0,2,2
113,112,113,0.2984833619483961,0,-61482588769563.086,0,0,2,2
114,113,114,0.29848336194841235,0,61482588769563.086,0,0,2,2
115,114,115,0.29848336194841235,0,90000000000,0,0,2,2
116,115,116,0.29848336194841235,0,90000000000,0,0,2,2
117,116,117,0.29848336194841235,0,90000000000,0,0,2,2
118,117,118,0.29848336194841235,0,90000000000,0,0,2,2
119,118,119,0.29848336194841235,0,90000000000,0,0,2,2
120,119,120,0.2984833619481844,0,-4387335243419.8696,0,0,2,2
121,120,121,0.29848336194841235,0,4387335243419.8696,0,0,2,2
122,121,122,0.29848336194841235,0,90000000000,0,0,2,2
123,122,123,0.29848336194841235,0,90000000000,0,0,2,2
124,123,124,0.29848336194841235,0,90000000000,0,0,2,2
125,124,125,0.29848336194841235,0,90000000000,0,0,2,2
126,125,126,0.29848336194841235,0,90000000000,0,0,2,2
127,126,127,0.2984833619483961,0,-61482588769563.086,0,0,2,2
128,127,128,0.29848336194841235,0,61482588769563.086,0,0,2,2
129,128,129,0.29848336194841235,0,90000000000,0,0,2,2
130,0,130,0.7991619136321192,0,90000000000,0,0,2,2
131,1,131,0.7991619136321567,0,26648518505150.863,0,0,2,2
132,2,132,0.7991619136321192,0,-26648518505150.863,0,0,2,2
133,3,133,0.7991619136321192,0,90000000000,0,0,2,2
134,4,134,0.7991619136321192,0,90000000000,0,0,2,2
135,5,135,0.7991619136321192,0,90000000000,0,0,2,2
136,6,136,0.7991619136321567,0,26648518505150.863,0,0,2,2
137,7,137,0.7991619136321192,0,-26648518505150.863,0,0,2,2
138,8,138,6.262665324579592,0,0.18303274012719642,0,0,2,2
139,9,139,6.264085579115257,0,704.0991420117505,0,0,2,2
140,10,140,6.2639001907785765,0,-5394.0825939054075,0,0,2,2
141,11,141,6.266119837427336,0,450.52215881244797,0,0,2,2
142,12,142,6.263264887330316,0,-350.2688194248475,0,0,2,2
143,13,143,6.261769572703558,0,-668.7555796653024,0,0,2,2
144,14,144,6.263264887272282,0,668.7556056202914,0,0,2,2
145,15,145,6.264137894261204,0,1145.4662020919857,0,0,2,2
146,16,146,6.264562959862637,0,2352.5780411953847,0,0,2,2
147,17,147,6.261384471850144,0,-314.61499809645,0,0,2,2
148,18,148,6.2645045961581864,0,320.50005104684726,0,0,2,2
149,19,149,6.261384471791558,0,-320.5000450288743,0,0,2,2
150,20,150,6.264032975387879,0,377.57169799170475,0,0,2,2
151,21,151,6.264032975359644,0,-35416794804.73809,0,0,2,2
152,22,152,6.26123730642885,0,-357.6961452713645,0,0,2,2
153,23,153,6.26398008135128,0,364.59426248294113,0,0,2,2
154,24,154,6.261595041778059,0,-419.2802548134172,0,0,2,2
155,25,155,6.262555752951445,0,1040.8955653919331,0,0,2,2
156,26,156,6.26320765960335,0,1533.961951573438,0,0,2,2
157,27,157,6.261248320809967,0,-510.37625722370547,0,0,2,2
158,28,158,6.26318851062771,0,515.4134873067318,0,0,2,2
159,29,159,6.260613992843462,0,-388.42225371999973,0,0,2,2
160,30,160,6.263121199385067,0,398.8502675810454,0,0,2,2
161,31,161,6.260556869740576,0,-389.96546413148855,0,0,2,2
162,32,162,6.263092212775401,0,394.4239443199729,0,0,2,2
163,33,163,6.260766794345487,0,-430.03013442062326,0,0,2,2
164,34,164,6.263033987657066,0,441.07398998259686,0,0,2,2
165,35,165,6.260441751883906,0,-385.767379014665,0,0,2,2
166,36,166,6.26286123099011,0,413.3121040128391,0,0,2,2
167,37,167,6.261477098816819,0,-722.4743556263671,0,0,2,2
168,38,168,6.263188510293297,0,584.3130151598252,0,0,2,2
169,39,169,6.264860665949228,0,598.0304503669403,0,0,2,2
170,40,170,6.262998890202704,0,-537.1216172877661,0,0,2,2
171,41,171,6.265044708274017,0,488.8020171599703,0,0,2,2
172,42,172,6.262707620972629,0,-427.88303175753566,0,0,2,2
173,43,173,6.265343366431054,0,379.399306865319,0,0,2,2
174,44,174,6.262203036080865,0,-318.4378356690326,0,0,2,2
175,45,175,6.2639001898078845,0,589.2218153720854,0,0,2,2
176,46,176,6.261827123394428,0,-482.37721353691154,0,0,2,2
177,47,177,6.268360915601119,0,153.0504748798105,0,0,2,2
178,48,178,6.283185287124548,0,67.45648531673478,0,0,2,2
179,49,179,6.2248219004078695,0,-17.134029676078335,0,0,2,2
180,50,180,6.169701363913498,0,-18.142058542955542,0,0,2,2
181,51,181,6.1697013639137275,0,4363953127296.992,0,0,2,2
182,52,182,6.169701363913498,0,-4363953127296.992,0,0,2,2
183,53,183,6.1697013639135045,0,160842843834660.56,0,0,2,2
184,54,184,6.169701363913721,0,4614343880502.558,0,0,2,2
185,55,185,6.1697013639135045,0,-4614343880502.558,0,0,2,2
186,56,186,6.169701363913498,0,-160842843834660.56,0,0,2,2
187,57,187,6.169701363913721,0,4485656999373.004,0,0,2,2
188,58,188,6.1697013639135045,0,-4614343880502.558,0,0,2,2
189,59,189,6.169701363913498,0,-160842843834660.56,0,0,2,2
190,60,190,6.1697013639137275,0,4363953127296.992,0,0,2,2
191,61,191,6.169701363913498,0,-4363953127296.992,0,0,2,2
192,62,192,6.1697013639135045,0,160842843834660.56,0,0,2,2
193,63,193,6.169701363913721,0,4614343880502.558,0,0,2,2
194,64,194,6.1697013639135045,0,-4614343880502.558,0,0,2,2
195,65,195,6.169701363913498,0,-160842843834660.56,0,0,2,2
196,66,196,6.169701363913721,0,4485656999373.004,0,0,2,2
197,67,197,6.1697013639135045,0,-4614343880502.558,0,0,2,2
198,68,198,6.169701363913498,0,-160842843834660.56,0,0,2,2
199,69,199,6.1697013639137275,0,4363953127296.992,0,0,2,2
200,70,200,6.169701363913498,0,-4363953127296.992,0,0,2,2
201,71,201,6.1697013639137275,0,4363953127296.992,0,0,2,2
202,72,202,6.169701363913498,0,-4363953127296.992,0,0,2,2
203,73,203,6.169701363913498,0,90000000000,0,0,2,2
204,74,204,6.1697013639137275,0,4363953127296.992,0,0,2,2
205,75,205,6.169701363913498,0,-4363953127296.992,0,0,2,2
206,76,206,6.1697013639135045,0,160842843834660.56,0,0,2,2
207,77,207,6.169701363913721,0,4614343880502.558,0,0,2,2
208,78,208,6.1697013639135045,0,-4614343880502.558,0,0,2,2
209,79,209,6.169701363913498,0,-160842843834660.56,0,0,2,2
210,80,210,6.169701363913721,0,4485656999373.004,0,0,2,2
211,81,211,6.1697013639135045,0,-4614343880502.558,0,0,2,2
212,82,212,6.169701363913498,0,-160842843834660.56,0,0,2,2
213,83,213,6.1697013639137275,0,4363953127296.992,0,0,2,2
214,84,214,6.169701363913498,0,-4363953127296.992,0,0,2,2
215,85,215,6.1697013639135045,0,160842843834660.56,0,0,2,2
216,86,216,6.169701363913721,0,4614343880502.558,0,0,2,2
217,87,217,6.1697013639135045,0,-4614343880502.558,0,0,2,2
218,88,218,6.169701363913498,0,-160842843834660.56,0,0,2,2
219,89,219,6.169701363913721,0,4485656999373.004,0,0,2,2
220,90,220,6.1697013639135045,0,-4614343880502.558,0,0,2,2
221,91,221,6.169701363913498,0,-160842843834660.56,0,0,2,2
222,92,222,6.1697013639137275,0,4363953127296.992,0,0,2,2
223,93,223,6.169701363913498,0,-4363953127296.992,0,0,2,2
224,94,224,6.182512640051931,0,78.05623648998738,0,0,2,2
225,95,225,6.198849153164869,0,61.212572908718705,0,0,2,2
226,96,226,6.200598093300472,0,571.7748593239285,0,0,2,2
227,97,227,6.201945983376119,0,741.9002617999295,0,0,2,2
228,98,228,6.216693127173468,0,67.80974090588069,0,0,2,2
229,99,229,6.195507493838326,0,-47.20179869918025,0,0,2,2
230,100,230,6.194364606643813,0,-874.9769923058502,0,0,2,2
231,101,231,6.2083587851462205,0,71.45828530255937,0,0,2,2
232,102,232,6.236748252677604,0,35.224330956350244,0,0,2,2
233,103,233,6.2736345595386975,0,27.110331315243673,0,0,2,2
234,104,234,6.27697720445355,0,299.1642921917218,0,0,2,2
235,105,235,6.266060999473355,0,-91.60692766527552,0,0,2,2
236,106,236,6.246069416092331,0,-50.021050406101196,0,0,2,2
237,107,237,6.245797899415406,0,-3683.015022596479,0,0,2,2
238,108,238,6.235062193421425,0,-93.14711119703288,0,0,2,2
239,109,239,6.233912152648723,0,-869.5343884641828,0,0,2,2
240,110,240,6.236864178891928,0,338.7503760516887,0,0,2,2
241,111,241,6.2365120427215945,0,-2839.810517204033,0,0,2,2
242,112,242,6.2355426927006254,0,-1031.619103902492,0,0,2,2
243,113,243,6.235812983260363,0,3699.7222580426856,0,0,2,2
244,114,244,6.245414454604125,0,104.15070401159608,0,0,2,2
245,115,245,6.247174229113603,0,568.2546227452644,0,0,2,2
246,116,246,6.246321831356509,0,-1173.1612286372065,0,0,2,2
247,117,247,6.259483145320415,0,75.98025567526548,0,0,2,2
248,118,248,6.262684141481662,0,312.402748902492,0,0,2,2
249,119,249,6.261357858188642,0,-753.9867276191486,0,0,2,2
250,120,250,6.264327286370396,0,336.76517456957674,0,0,2,2
251,121,251,6.265053902703862,0,1376.242115601195,0,0,2,2
252,122,252,6.26523590535437,0,5494.425477921134,0,0,2,2
253,123,253,6.2652359053142055,0,-24897722448.47801,0,0,2,2
254,124,254,6.267194248842617,0,510.63563950463254,0,0,2,2
255,125,255,6.26487754839245,0,-431.64838161447506,0,0,2,2
256,126,256,6.265208838054498,0,3018.506505205975,0,0,2,2
257,127,257,6.2660937347982815,0,1130.0753528875523,0,0,2,2
258,128,258,6.265683887992899,0,-2439.9360611497655,0,0,2,2
259,129,259,6.265637515658665,0,-21564.58191119915,0,0,2,2
260,130,260,6.266001756676505,0,2745.4348934420295,0,0,2,2
261,131,261,6.264316431832363,0,-593.3574191799922,0,0,2,2
262,132,262,6.265484655868925,0,856.0001923454047,0,0,2,2
263,133,263,6.264218179979668,0,-789.5926077097189,0,0,2,2
264,134,264,6.2647928090230485,0,1740.2531450852862,0,0,2,2
265,135,265,6.265882034425667,0,918.0836194196589,0,0,2,2
266,136,266,6.26537889732885,0,-1987.5298528475087,0,0,2,2
267,137,267,6.263242031583792,0,-467.97511837733913,0,0,2,2
268,138,268,6.264197898950541,0,1046.170247866847,0,0,2,2
269,139,269,6.265760632425366,0,639.9043829992595,0,0,2,2
270,140,270,6.264868170857189,0,-1120.4964288185215,0,0,2,2
271,141,271,6.2639747718268115,0,-1119.3206685905764,0,0,2,2
272,142,272,6.267904847556156,0,254.44802310893076,0,0,2,2
273,143,273,6.265986881539915,0,-521.385671869159,0,0,2,2
274,144,274,6.264985357225885,0,-998.4780059668582,0,0,2,2
275,145,275,6.267235742374974,0,444.3683786326776,0,0,2,2
276,146,276,6.267773140269661,0,1860.8186036591906,0,0,2,2
277,147,277,6.271313662037106,0,282.44424570267415,0,0,2,2
278,148,278,6.265528351381415,0,-172.85156485353517,0,0,2,2
279,149,279,6.273202643615517,0,130.30517596872224,0,0,2,2
280,150,280,6.265962033056905,0,-138.1098999739178,0,0,2,2
281,151,281,6.269671743372339,0,269.5628270055562,0,0,2,2
282,152,282,6.274907925294125,0,190.97884965366003,0,0,2,2
283,153,283,6.262276632752835,0,-79.16846171768711,0,0,2,2
284,154,284,6.265127143669681,0,350.8143028290536,0,0,2,2
285,155,285,6.28318528338022,0,55.37668973822274,0,0,2,2
286,156,286,6.262494368695246,0,-48.330391151156235,0,0,2,2
287,157,287,6.283185283370646,0,48.33039117352076,0,0,2,2
288,158,288,6.264792808381928,0,-54.37006170259554,0,0,2,2
289,159,289,6.283185283366082,0,54.3700617160856,0,0,2,2
290,160,290,6.255600458294893,0,-36.25181589585079,0,0,2,2
291,161,291,6.266351184605198,0,93.01697123862745,0,0,2,2
292,162,292,6.283185283352772,0,59.40323951967536,0,0,2,2
293,163,293,6.264445861019424,0,-53.363437901735146,0,0,2,2
294,164,294,6.283185283342612,0,53.363437930666976,0,0,2,2
301,0,301,0.7990425407857158,0,90000000000,0,0,2,2
302,1,302,0.7990425407857158,0,90000000000,0,0,2,2
303,2,303,0.7990425407857158,0,90000000000,0,0,2,2
304,3,304,0.7990425407857158,0,90000000000,0,0,2,2
305,4,305,0.7997014791911302,0,1517.5925272880038,0,0,2,2
306,5,306,0.7990425407857158,0,-1517.5925272880038,0,0,2,2
307,6,307,0.799042540785899,0,5458908639236.965,0,0,2,2
308,7,308,0.7990425407857158,0,-5458908639236.965,0,0,2,2
309,8,309,0.7997014791910927,0,1517.5925273744283,0,0,2,2
310,9,310,6.2609172734515655,0,0.18310940963932637,0,0,2,2
311,10,311,6.264553922749602,0,274.9783985329077,0,0,2,2
312,11,312,6.264862750332584,0,3238.052735910902,0,0,2,2
313,12,313,6.26652018328093,0,603.3426576913901,0,0,2,2
314,13,314,6.263095274570199,0,-291.9785852589045,0,0,2,2
315,14,315,6.2613864349444395,0,-585.1924223464454,0,0,2,2
316,15,316,6.26312626938452,0,574.7673324329903,0,0,2,2
317,16,317,6.2639853032725314,0,1164.0984295911865,0,0,2,2
318,17,318,6.26466890492656,0,1462.8402288191455,0,0,2,2
319,18,319,6.26213578485805,0,-394.77007522521995,0,0,2,2
320,19,320,6.26291781228277,0,1278.7275335756335,0,0,2,2
321,20,321,6.262163437048487,0,-1325.6002511153172,0,0,2,2
322,21,322,6.263871215644954,0,585.5559977556699,0,0,2,2
323,22,323,6.263871215644617,0,-2962894491691.1157,0,0,2,2
324,23,324,6.260867584504588,0,-332.9303610796966,0,0,2,2
325,24,325,6.2638424816003075,0,336.14608096490684,0,0,2,2
326,25,326,6.2626603304607915,0,-845.9155234663122,0,0,2,2
327,26,327,6.262388305853577,0,-3676.1380164791913,0,0,2,2
328,27,328,6.263064183835488,0,1479.5570010610627,0,0,2,2
329,28,329,6.2615436646811125,0,-657.6701103187343,0,0,2,2
330,29,330,6.262681546267764,0,878.8260674317094,0,0,2,2
331,30,331,6.260060178396578,0,-381.4802229751206,0,0,2,2
332,31,332,6.264114050002884,0,246.67776809813725,0,0,2,2
333,32,333,6.259997103768244,0,-242.8984842177569,0,0,2,2
334,33,334,6.262938852733062,0,339.93383254640133,0,0,2,2
335,34,335,6.261290995872083,0,-606.8488250891049,0,0,2,2
336,35,336,6.262875599933604,0,631.0724705830324,0,0,2,2
337,36,337,6.259869916807837,0,-332.70306887212956,0,0,2,2
338,37,338,6.263334973476357,0,288.5955687492817,0,0,2,2
339,38,339,6.2610975889034695,0,-446.95043137331294,0,0,2,2
340,39,340,6.2632964289697775,0,454.78523669030176,0,0,2,2
341,40,341,6.265258940629305,0,509.5511128023417,0,0,2,2
342,41,342,6.2613069603671,0,-253.03770101370372,0,0,2,2
343,42,343,6.265945635800775,0,215.57878198167433,0,0,2,2
344,43,344,6.263743312554645,0,-454.0659513798806,0,0,2,2
345,44,345,6.263832884579166,0,11164.200042888968,0,0,2,2
346,45,346,6.264176190108335,0,2912.857251150064,0,0,2,2
347,46,347,6.26224595948349,0,-518.0728080512106,0,0,2,2
348,47,348,6.26006803861115,0,-459.15350401397615,0,0,2,2
349,48,349,6.267057673151645,0,143.06899655575126,0,0,2,2
350,49,350,0.0,0,-0.15956451211292416,0,0,2,2
351,50,351,6.1718937023155,0,0.16202482548019767,0,0,2,2
352,51,352,6.169477321696663,0,-413.84208770936993,0,0,2,2
353,52,353,6.169365265088084,0,-8924.06090709551,0,0,2,2
354,53,354,6.170346588408904,0,1019.0321362832298,0,0,2,2
355,54,355,6.169477321696663,0,-1150.3949086253297,0,0,2,2
356,55,356,6.169365265088084,0,-8924.06090709551,0,0,2,2
357,56,357,6.170457695404488,0,915.3901946734734,0,0,2,2
358,57,358,6.169365265088078,0,-915.3901946682637,0,0,2,2
359,58,359,6.169477321696663,0,8924.060906600376,0,0,2,2
360,59,360,6.17034658840891,0,1150.3949086171017,0,0,2,2
361,60,361,6.169477321696656,0,-1150.3949086076982,0,0,2,2
362,61,362,6.169365265088084,0,-8924.060907661378,0,0,2,2
363,62,363,6.169477321696885,0,8924.06088941213,0,0,2,2
364,63,364,6.170346588408904,0,1150.3949089191854,0,0,2,2
365,64,365,6.169365265088084,0,-1019.0321362832298,0,0,2,2
366,65,366,6.169477321696663,0,8924.06090709551,0,0,2,2
367,66,367,6.170346588408904,0,1150.3949086253297,0,0,2,2
368,67,368,6.169477321696663,0,-1150.3949086253297,0,0,2,2
369,68,369,6.169365265088084,0,-8924.06090709551,0,0,2,2
370,69,370,6.169477321696663,0,8924.06090709551,0,0,2,2
371,70,371,6.170346588408904,0,1150.3949086253297,0,0,2,2
372,71,372,6.169477321696663,0,-1150.3949086253297,0,0,2,2
373,72,373,6.169365265088084,0,-8924.06090709551,0,0,2,2
374,73,374,6.170457695404481,0,915.3901946786831,0,0,2,2
375,74,375,6.169365265088084,0,-915.3901946786831,0,0,2,2
376,75,376,6.169365265088078,0,-160842843834660.56,0,0,2,2
377,76,377,6.169477321696663,0,8924.060906600376,0,0,2,2
378,77,378,6.170346588409133,0,1150.3949083220705,0,0,2,2
379,78,379,6.169477321696663,0,-1150.3949083220705,0,0,2,2
380,79,380,6.169365265088078,0,-8924.060906600376,0,0,2,2
381,80,381,6.170457695404488,0,915.3901946682637,0,0,2,2
382,81,382,6.169365265088084,0,-915.3901946734734,0,0,2,2
383,82,383,6.169477321696663,0,8924.06090709551,0,0,2,2
384,83,384,6.169365265088078,0,-8924.060906600376,0,0,2,2
385,84,385,6.170457695404488,0,915.3901946682637,0,0,2,2
386,85,386,6.169365265088078,0,-915.3901946682637,0,0,2,2
387,86,387,6.169477321696663,0,8924.060906600376,0,0,2,2
388,87,388,6.17034658840891,0,1150.3949086171017,0,0,2,2
389,88,389,6.169365265088078,0,-1019.0321362703174,0,0,2,2
390,89,390,6.169477321696663,0,8924.060906600376,0,0,2,2
391,90,391,6.170346588409133,0,1150.3949083220705,0,0,2,2
392,91,392,6.169477321696663,0,-1150.3949083220705,0,0,2,2
393,92,393,6.169365265088078,0,-8924.060906600376,0,0,2,2
394,93,394,6.169477321696663,0,8924.060906600376,0,0,2,2
395,94,395,6.182608389540328,0,76.15526870363529,0,0,2,2
396,95,396,6.202898491711216,0,49.28511407078046,0,0,2,2
397,96,397,6.203000459693428,0,9806.999984804881,0,0,2,2
398,97,398,6.203707062386561,0,1415.2224577082948,0,0,2,2
399,98,399,6.21401870813201,0,96.97773029502689,0,0,2,2
400,99,400,6.197680013316569,0,-61.20439920665802,0,0,2,2
401,100,401,6.193871314001241,0,-262.5568251017821,0,0,2,2
402,101,402,6.207189813085288,0,75.08353559132001,0,0,2,2
403,102,403,6.239049949013082,0,31.387185612338,0,0,2,2
404,103,404,6.272822983604865,0,29.609421009603498,0,0,2,2
405,104,405,6.276451402046936,0,275.6021710189463,0,0,2,2
406,105,406,6.267706667119016,0,-114.35452397844305,0,0,2,2
407,106,407,6.245419895935438,0,-44.869666932142394,0,0,2,2
408,107,408,6.245998399362136,0,1728.5982309680276,0,0,2,2
409,108,409,6.234204906071211,0,-84.7925186653101,0,0,2,2
410,109,410,6.233513007011732,0,-1445.297527579931,0,0,2,2
411,110,411,6.238332106508469,0,207.50764757544638,0,0,2,2
412,111,412,6.235843380656688,0,-401.8120353772166,0,0,2,2
413,112,413,6.2358069958506785,0,-27483.99976981388,0,0,2,2
414,113,414,6.235427531230624,0,-2635.2917957341865,0,0,2,2
415,114,415,6.245136329189332,0,102.99936246001488,0,0,2,2
416,115,416,6.246888406202966,0,570.7511668829022,0,0,2,2
417,116,417,6.247200846912786,0,3200.6072466477945,0,0,2,2
418,117,418,6.258737154692628,0,86.68284680714099,0,0,2,2
419,118,419,6.2634103819538804,0,213.98488541126673,0,0,2,2
420,119,420,6.260677260374385,0,-365.8820037507317,0,0,2,2
421,120,421,6.264984814102931,0,232.15032545575647,0,0,2,2
422,121,422,6.26460820935566,0,-2655.3037561159517,0,0,2,2
423,122,423,6.265871020071427,0,791.8843160849941,0,0,2,2
424,123,424,6.264769187724229,0,-907.5790909055933,0,0,2,2
425,124,425,6.26679333268684,0,494.03576249320406,0,0,2,2
426,125,426,6.265817326489939,0,-1024.5836585626043,0,0,2,2
427,126,427,6.264894664038232,0,-1083.819980047973,0,0,2,2
428,127,428,6.2656613278313555,0,1304.3527149316299,0,0,2,2
429,128,429,6.265768224371525,0,9354.839720830572,0,0,2,2
430,129,430,6.26604412885626,0,3624.4427159725387,0,0,2,2
431,130,431,6.265463281950803,0,-1721.624046895813,0,0,2,2
432,131,432,6.264582801947955,0,-1135.7441358869712,0,0,2,2
433,132,433,6.266092954597099,0,662.1847139539493,0,0,2,2
434,133,434,6.263543305804047,0,-392.21088124972727,0,0,2,2
435,134,435,6.264884521741712,0,745.5920943952312,0,0,2,2
436,135,436,6.266285507607025,0,713.7830757322129,0,0,2,2
437,136,437,6.264927400476937,0,-736.3189382088393,0,0,2,2
438,137,438,6.263707251178337,0,-819.5718353051377,0,0,2,2
439,138,439,6.264170166483321,0,2160.222375956276,0,0,2,2
440,139,440,6.265311290620332,0,876.3288476394677,0,0,2,2
441,140,441,6.265527098422696,0,4633.752760761711,0,0,2,2
442,141,442,6.263375594191547,0,-464.79109151741034,0,0,2,2
443,142,443,6.268261042004786,0,204.68952657526467,0,0,2,2
444,143,444,6.265684176865583,0,-388.0684265491575,0,0,2,2
445,144,445,6.264825788178108,0,-1164.9734142482912,0,0,2,2
446,145,446,6.26745096434411,0,380.9268166269348,0,0,2,2
447,146,447,6.2673873648777025,0,-15723.402356851957,0,0,2,2
448,147,448,6.272456104979853,0,197.28768487768465,0,0,2,2
449,148,449,6.2664003127415615,0,-165.13116049075032,0,0,2,2
450,149,450,6.272345623163775,0,168.1997959708955,0,0,2,2
451,150,451,6.264495894547727,0,-127.39293915913494,0,0,2,2
452,151,452,6.272196738312424,0,129.85590028255055,0,0,2,2
453,152,453,6.2742169375842884,0,495.00067341226855,0,0,2,2
454,153,454,6.260461946152507,0,-72.70088134620349,0,0,2,2
455,154,455,6.263579976138151,0,320.71532493408154,0,0,2,2
456,155,456,0.0,0,-0.1596531063400832,0,0,2,2
457,156,457,6.260717178409587,0,0.15972610988539024,0,0,2,2
458,157,458,0.0,0,-0.15972610988539024,0,0,2,2
459,158,459,6.27318564030847,0,0.15940864137265148,0,0,2,2
460,159,460,0.0,0,-0.15940864137265148,0,0,2,2
461,160,461,6.253343422328496,0,0.1599144541509348,0,0,2,2
462,161,462,6.264838741880112,0,86.99192706299269,0,0,2,2
463,162,463,0.0,0,-0.15962102796278752,0,0,2,2
464,163,464,6.2629860344142925,0,0.1596682468242992,0,0,2,2
465,164,465,0.0,0,-0.1596682468242992,0,0,2,2
