LnID,DID,BLID,FLID,BNID,FNID,JCT,BLID2,BLID3,BLID4,FLID2,FLID3,FLID4,CrossID,Span,LCnt,Lno,LaneType,LimitVel,RefVel,RoadSecID,LaneChgFG
1,1,0,2,1,2,0,0,0,0,0,0,0,0,1.0,1,1,0,20,20,0,0,0
2,2,1,3,2,3,0,0,0,0,0,0,0,0,1.0,1,1,0,20,20,0,0,0
3,3,2,4,3,4,0,0,0,0,0,0,0,0,1.0,1,1,0,20,20,0,0,0
4,4,3,5,4,5,0,0,0,0,0,0,0,0,1.0,1,1,0,20,20,0,0,0
5,5,4,6,5,6,0,0,0,0,0,0,0,0,1.0,1,1,0,20,20,0,0,0
6,6,5,7,6,7,0,0,0,0,0,0,0,0,1.0,1,1,0,20,20,0,0,0
7,7,6,8,7,8,0,0,0,0,0,0,0,0,1.0,1,1,0,20,20,0,0,0
8,8,7,9,8,9,0,0,0,0,0,0,0,0,1.0,1,1,0,20,20,0,0,0
9,9,8,10,9,10,0,0,0,0,0,0,0,0,1.0,1,1,0,20,20,0,0,0
10,10,9,11,10,11,0,0,0,0,0,0,0,0,1.0,1,1,0,20,20,0,0,0
11,11,10,12,11,12,0,0,0,0,0,0,0,0,1.0,1,1,0,20,20,0,0,0
12,12,11,13,12,13,0,0,0,0,0,0,0,0,1.0,1,1,0,20,20,0,0,0
13,13,12,14,13,14,0,0,0,0,0,0,0,0,1.0,1,1,0,20,20,0,0,0
14,14,13,15,14,15,0,0,0,0,0,0,0,0,1.0,1,1,0,20,20,0,0,0
15,15,14,16,15,16,0,0,0,0,0,0,0,0,1.0,1,1,0,20,20,0,0,0
16,16,15,17,16,17,0,0,0,0,0,0,0,0,1.0,1,1,0,20,20,0,0,0
17,17,16,18,17,18,0,0,0,0,0,0,0,0,1.0,1,1,0,20,20,0,0,0
18,18,17,19,18,19,0,0,0,0,0,0,0,0,1.0,1,1,0,20,20,0,0,0
19,19,18,20,19,20,0,0,0,0,0,0,0,0,1.0,1,1,0,20,20,0,0,0
20,20,19,21,20,21,0,0,0,0,0,0,0,0,1.0,1,1,0,20,20,0,0,0
21,21,20,22,21,22,0,0,0,0,0,0,0,0,1.0,1,1,0,20,20,0,0,0
22,22,21,23,22,23,0,0,0,0,0,0,0,0,1.0,1,1,0,20,20,0,0,0
23,23,22,24,23,24,0,0,0,0,0,0,0,0,1.0,1,1,0,20,20,0,0,0
24,24,23,25,24,25,0,0,0,0,0,0,0,0,1.0,1,1,0,20,20,0,0,0
25,25,24,26,25,26,0,0,0,0,0,0,0,0,1.0,1,1,0,20,20,0,0,0
26,26,25,27,26,27,0,0,0,0,0,0,0,0,1.0,1,1,0,20,20,0,0,0
27,27,26,28,27,28,0,0,0,0,0,0,0,0,1.0,1,1,0,20,20,0,0,0
28,28,27,29,28,29,0,0,0,0,0,0,0,0,1.0,1,1,0,20,20,0,0,0
29,29,28,30,29,30,0,0,0,0,0,0,0,0,1.0,1,1,0,20,20,0,0,0
30,30,29,31,30,31,0,0,0,0,0,0,0,0,1.0,1,1,0,20,20,0,0,0
31,31,30,32,31,32,0,0,0,0,0,0,0,0,1.0,1,1,0,20,20,0,0,0
32,32,31,33,32,33,0,0,0,0,0,0,0,0,1.0,1,1,0,20,20,0,0,0
33,33,32,34,33,34,0,0,0,0,0,0,0,0,1.0,1,1,0,20,20,0,0,0
34,34,33,35,34,35,0,0,0,0,0,0,0,0,1.0,1,1,0,20,20,0,0,0
35,35,34,36,35,36,0,0,0,0,0,0,0,0,1.0,1,1,0,20,20,0,0,0
36,36,35,37,36,37,0,0,0,0,0,0,0,0,1.0,1,1,0,20,20,0,0,0
37,37,36,38,37,38,0,0,0,0,0,0,0,0,1.0,1,1,0,20,20,0,0,0
38,38,37,39,38,39,0,0,0,0,0,0,0,0,1.0,1,1,0,20,20,0,0,0
39,39,38,40,39,40,0,0,0,0,0,0,0,0,1.0,1,1,0,20,20,0,0,0
40,40,39,41,40,41,0,0,0,0,0,0,0,0,1.0,1,1,0,20,20,0,0,0
41,41,40,42,41,42,0,0,0,0,0,0,0,0,1.0,1,1,0,20,20,0,0,0
42,42,41,43,42,43,0,0,0,0,0,0,0,0,1.0,1,1,0,20,20,0,0,0
43,43,42,44,43,44,0,0,0,0,0,0,0,0,1.0,1,1,0,20,20,0,0,0
44,44,43,45,44,45,0,0,0,0,0,0,0,0,1.0,1,1,0,20,20,0,0,0
45,45,44,46,45,46,0,0,0,0,0,0,0,0,1.0,1,1,0,20,20,0,0,0
46,46,45,47,46,47,0,0,0,0,0,0,0,0,1.0,1,1,0,20,20,0,0,0
47,47,46,48,47,48,0,0,0,0,0,0,0,0,1.0,1,1,0,20,20,0,0,0
48,48,47,49,48,49,0,0,0,0,0,0,0,0,1.0,1,1,0,20,20,0,0,0
49,49,48,50,49,50,0,0,0,0,0,0,0,0,1.0,1,1,0,20,20,0,0,0
50,50,49,51,50,51,0,0,0,0,0,0,0,0,1.0,1,1,0,20,20,0,0,0
51,51,50,52,51,52,0,0,0,0,0,0,0,0,1.0,1,1,0,20,20,0,0,0
52,52,51,53,52,53,0,0,0,0,0,0,0,0,1.0,1,1,0,20,20,0,0,0
53,53,52,54,53,54,0,0,0,0,0,0,0,0,1.0,1,1,0,20,20,0,0,0
54,54,53,55,54,55,0,0,0,0,0,0,0,0,1.0,1,1,0,20,20,0,0,0
55,55,54,56,55,56,0,0,0,0,0,0,0,0,1.0,1,1,0,20,20,0,0,0
56,56,55,57,56,57,0,0,0,0,0,0,0,0,1.0,1,1,0,20,20,0,0,0
57,57,56,58,57,58,0,0,0,0,0,0,0,0,1.0,1,1,0,20,20,0,0,0
58,58,57,59,58,59,0,0,0,0,0,0,0,0,1.0,1,1,0,20,20,0,0,0
59,59,58,60,59,60,0,0,0,0,0,0,0,0,1.0,1,1,0,20,20,0,0,0
60,60,59,61,60,61,0,0,0,0,0,0,0,0,1.0,1,1,0,20,20,0,0,0
61,61,60,62,61,62,0,0,0,0,0,0,0,0,1.0,1,1,0,20,20,0,0,0
62,62,61,63,62,63,0,0,0,0,0,0,0,0,1.0,1,1,0,20,20,0,0,0
63,63,62,64,63,64,0,0,0,0,0,0,0,0,1.0,1,1,0,20,20,0,0,0
64,64,63,65,64,65,0,0,0,0,0,0,0,0,1.0,1,1,0,20,20,0,0,0
65,65,64,66,65,66,0,0,0,0,0,0,0,0,1.0,1,1,0,20,20,0,0,0
66,66,65,67,66,67,0,0,0,0,0,0,0,0,1.0,1,1,0,20,20,0,0,0
67,67,66,68,67,68,0,0,0,0,0,0,0,0,1.0,1,1,0,20,20,0,0,0
68,68,67,69,68,69,0,0,0,0,0,0,0,0,1.0,1,1,0,20,20,0,0,0
69,69,68,70,69,70,0,0,0,0,0,0,0,0,1.0,1,1,0,20,20,0,0,0
70,70,69,71,70,71,0,0,0,0,0,0,0,0,1.0,1,1,0,20,20,0,0,0
71,71,70,72,71,72,0,0,0,0,0,0,0,0,1.0,1,1,0,20,20,0,0,0
72,72,71,73,72,73,0,0,0,0,0,0,0,0,1.0,1,1,0,20,20,0,0,0
73,73,72,74,73,74,0,0,0,0,0,0,0,0,1.0,1,1,0,20,20,0,0,0
74,74,73,75,74,75,0,0,0,0,0,0,0,0,1.0,1,1,0,20,20,0,0,0
75,75,74,76,75,76,0,0,0,0,0,0,0,0,1.0,1,1,0,20,20,0,0,0
76,76,75,77,76,77,0,0,0,0,0,0,0,0,1.0,1,1,0,20,20,0,0,0
77,77,76,78,77,78,0,0,0,0,0,0,0,0,1.0,1,1,0,20,20,0,0,0
78,78,77,79,78,79,0,0,0,0,0,0,0,0,1.0,1,1,0,20,20,0,0,0
79,79,78,80,79,80,0,0,0,0,0,0,0,0,1.0,1,1,0,20,20,0,0,0
80,80,79,81,80,81,0,0,0,0,0,0,0,0,1.0,1,1,0,20,20,0,0,0
81,81,80,82,81,82,0,0,0,0,0,0,0,0,1.0,1,1,0,20,20,0,0,0
82,82,81,83,82,83,0,0,0,0,0,0,0,0,1.0,1,1,0,20,20,0,0,0
83,83,82,84,83,84,0,0,0,0,0,0,0,0,1.0,1,1,0,20,20,0,0,0
84,84,83,85,84,85,0,0,0,0,0,0,0,0,1.0,1,1,0,20,20,0,0,0
85,85,84,86,85,86,0,0,0,0,0,0,0,0,1.0,1,1,0,20,20,0,0,0
86,86,85,87,86,87,0,0,0,0,0,0,0,0,1.0,1,1,0,20,20,0,0,0
87,87,86,88,87,88,0,0,0,0,0,0,0,0,1.0,1,1,0,20,20,0,0,0
88,88,87,89,88,89,0,0,0,0,0,0,0,0,1.0,1,1,0,20,20,0,0,0
89,89,88,90,89,90,0,0,0,0,0,0,0,0,1.0,1,1,0,20,20,0,0,0
90,90,89,91,90,91,0,0,0,0,0,0,0,0,1.0,1,1,0,20,20,0,0,0
91,91,90,92,91,92,0,0,0,0,0,0,0,0,1.0,1,1,0,20,20,0,0,0
92,92,91,93,92,93,0,0,0,0,0,0,0,0,1.0,1,1,0,20,20,0,0,0
93,93,92,94,93,94,0,0,0,0,0,0,0,0,1.0,1,1,0,20,20,0,0,0
94,94,93,95,94,95,0,0,0,0,0,0,0,0,1.0,1,1,0,20,20,0,0,0
95,95,94,96,95,96,0,0,0,0,0,0,0,0,1.0,1,1,0,20,20,0,0,0
96,96,95,97,96,97,0,0,0,0,0,0,0,0,1.0,1,1,0,20,20,0,0,0
97,97,96,98,97,98,0,0,0,0,0,0,0,0,1.0,1,1,0,20,20,0,0,0
98,98,97,99,98,99,0,0,0,0,0,0,0,0,1.0,1,1,0,20,20,0,0,0
99,99,98,100,99,100,0,0,0,0,0,0,0,0,1.0,1,1,0,20,20,0,0,0
100,100,99,101,100,101,0,0,0,0,0,0,0,0,1.0,1,1,0,20,20,0,0,0
101,101,100,102,101,102,0,0,0,0,0,0,0,0,1.0,1,1,0,20,20,0,0,0
102,102,101,103,102,103,0,0,0,0,0,0,0,0,1.0,1,1,0,20,20,0,0,0
103,103,102,104,103,104,0,0,0,0,0,0,0,0,1.0,1,1,0,20,20,0,0,0
104,104,103,105,104,105,0,0,0,0,0,0,0,0,1.0,1,1,0,20,20,0,0,0
105,105,104,106,105,106,0,0,0,0,0,0,0,0,1.0,1,1,0,20,20,0,0,0
106,106,105,107,106,107,0,0,0,0,0,0,0,0,1.0,1,1,0,20,20,0,0,0
107,107,106,108,107,108,0,0,0,0,0,0,0,0,1.0,1,1,0,20,20,0,0,0
108,108,107,109,108,109,0,0,0,0,0,0,0,0,1.0,1,1,0,20,20,0,0,0
109,109,108,110,109,110,0,0,0,0,0,0,0,0,1.0,1,1,0,20,20,0,0,0
110,110,109,111,110,111,0,0,0,0,0,0,0,0,1.0,1,1,0,20,20,0,0,0
111,111,110,112,111,112,0,0,0,0,0,0,0,0,1.0,1,1,0,20,20,0,0,0
112,112,111,113,112,113,0,0,0,0,0,0,0,0,1.0,1,1,0,20,20,0,0,0
113,113,112,114,113,114,0,0,0,0,0,0,0,0,1.0,1,1,0,20,20,0,0,0
114,114,113,115,114,115,0,0,0,0,0,0,0,0,1.0,1,1,0,20,20,0,0,0
115,115,114,116,115,116,0,0,0,0,0,0,0,0,1.0,1,1,0,20,20,0,0,0
116,116,115,117,116,117,0,0,0,0,0,0,0,0,1.0,1,1,0,20,20,0,0,0
117,117,116,118,117,118,0,0,0,0,0,0,0,0,1.0,1,1,0,20,20,0,0,0
118,118,117,119,118,119,0,0,0,0,0,0,0,0,1.0,1,1,0,20,20,0,0,0
119,119,118,120,119,120,0,0,0,0,0,0,0,0,1.0,1,1,0,20,20,0,0,0
120,120,119,121,120,121,0,0,0,0,0,0,0,0,1.0,1,1,0,20,20,0,0,0
121,121,120,122,121,122,0,0,0,0,0,0,0,0,1.0,1,1,0,20,20,0,0,0
122,122,121,123,122,123,0,0,0,0,0,0,0,0,1.0,1,1,0,20,20,0,0,0
123,123,122,124,123,124,0,0,0,0,0,0,0,0,1.0,1,1,0,20,20,0,0,0
124,124,123,125,124,125,0,0,0,0,0,0,0,0,1.0,1,1,0,20,20,0,0,0
125,125,124,126,125,126,0,0,0,0,0,0,0,0,1.0,1,1,0,20,20,0,0,0
126,126,125,127,126,127,0,0,0,0,0,0,0,0,1.0,1,1,0,20,20,0,0,0
127,127,126,128,127,128,0,0,0,0,0,0,0,0,1.0,1,1,0,20,20,0,0,0
128,128,127,129,128,129,0,0,0,0,0,0,0,0,1.0,1,1,0,20,20,0,0,0
129,129,128,224,129,223,0,0,0,0,0,0,0,0,1.0,1,1,0,20,20,0,0,0
130,31,30,131,31,130,0,0,0,0,0,0,0,0,1.0,1,1,0,20,20,0,0,0
131,130,130,132,130,131,0,0,0,0,0,0,0,0,1.0,1,1,0,20,20,0,0,0
132,131,131,133,131,132,0,0,0,0,0,0,0,0,1.0,1,1,0,20,20,0,0,0
133,132,132,134,132,133,0,0,0,0,0,0,0,0,1.0,1,1,0,20,20,0,0,0
134,133,133,135,133,134,0,0,0,0,0,0,0,0,1.0,1,1,0,20,20,0,0,0
135,134,134,136,134,135,0,0,0,0,0,0,0,0,1.0,1,1,0,20,20,0,0,0
136,135,135,137,135,136,0,0,0,0,0,0,0,0,1.0,1,1,0,20,20,0,0,0
137,136,136,138,136,137,0,0,0,0,0,0,0,0,1.0,1,1,0,20,20,0,0,0
138,137,137,139,137,138,0,0,0,0,0,0,0,0,1.0,1,1,0,20,20,0,0,0
139,138,138,140,138,139,0,0,0,0,0,0,0,0,1.0,1,1,0,20,20,0,0,0
140,139,139,141,139,140,0,0,0,0,0,0,0,0,1.0,1,1,0,20,20,0,0,0
141,140,140,142,140,141,0,0,0,0,0,0,0,0,1.0,1,1,0,20,20,0,0,0
142,141,141,143,141,142,0,0,0,0,0,0,0,0,1.0,1,1,0,20,20,0,0,0
143,142,142,144,142,143,0,0,0,0,0,0,0,0,1.0,1,1,0,20,20,0,0,0
144,143,143,145,143,144,0,0,0,0,0,0,0,0,1.0,1,1,0,20,20,0,0,0
145,144,144,146,144,145,0,0,0,0,0,0,0,0,1.0,1,1,0,20,20,0,0,0
146,145,145,147,145,146,0,0,0,0,0,0,0,0,1.0,1,1,0,20,20,0,0,0
147,146,146,148,146,147,0,0,0,0,0,0,0,0,1.0,1,1,0,20,20,0,0,0
148,147,147,149,147,148,0,0,0,0,0,0,0,0,1.0,1,1,0,20,20,0,0,0
149,148,148,150,148,149,0,0,0,0,0,0,0,0,1.0,1,1,0,20,20,0,0,0
150,149,149,151,149,150,0,0,0,0,0,0,0,0,1.0,1,1,0,20,20,0,0,0
151,150,150,152,150,151,0,0,0,0,0,0,0,0,1.0,1,1,0,20,20,0,0,0
152,151,151,153,151,152,0,0,0,0,0,0,0,0,1.0,1,1,0,20,20,0,0,0
153,152,152,154,152,153,0,0,0,0,0,0,0,0,1.0,1,1,0,20,20,0,0,0
154,153,153,155,153,154,0,0,0,0,0,0,0,0,1.0,1,1,0,20,20,0,0,0
155,154,154,156,154,155,0,0,0,0,0,0,0,0,1.0,1,1,0,20,20,0,0,0
156,155,155,157,155,156,0,0,0,0,0,0,0,0,1.0,1,1,0,20,20,0,0,0
157,156,156,158,156,157,0,0,0,0,0,0,0,0,1.0,1,1,0,20,20,0,0,0
158,157,157,159,157,158,0,0,0,0,0,0,0,0,1.0,1,1,0,20,20,0,0,0
159,158,158,160,158,159,0,0,0,0,0,0,0,0,1.0,1,1,0,20,20,0,0,0
160,159,159,161,159,160,0,0,0,0,0,0,0,0,1.0,1,1,0,20,20,0,0,0
161,160,160,162,160,161,0,0,0,0,0,0,0,0,1.0,1,1,0,20,20,0,0,0
162,161,161,163,161,162,0,0,0,0,0,0,0,0,1.0,1,1,0,20,20,0,0,0
163,162,162,164,162,163,0,0,0,0,0,0,0,0,1.0,1,1,0,20,20,0,0,0
164,163,163,165,163,164,0,0,0,0,0,0,0,0,1.0,1,1,0,20,20,0,0,0
165,164,164,166,164,165,0,0,0,0,0,0,0,0,1.0,1,1,0,20,20,0,0,0
166,165,165,167,165,166,0,0,0,0,0,0,0,0,1.0,1,1,0,20,20,0,0,0
167,166,166,168,166,167,0,0,0,0,0,0,0,0,1.0,1,1,0,20,20,0,0,0
168,167,167,169,167,168,0,0,0,0,0,0,0,0,1.0,1,1,0,20,20,0,0,0
169,168,168,170,168,169,0,0,0,0,0,0,0,0,1.0,1,1,0,20,20,0,0,0
170,169,169,171,169,170,0,0,0,0,0,0,0,0,1.0,1,1,0,20,20,0,0,0
171,170,170,172,170,171,0,0,0,0,0,0,0,0,1.0,1,1,0,20,20,0,0,0
172,171,171,173,171,172,0,0,0,0,0,0,0,0,1.0,1,1,0,20,20,0,0,0
173,172,172,174,172,173,0,0,0,0,0,0,0,0,1.0,1,1,0,20,20,0,0,0
174,173,173,175,173,174,0,0,0,0,0,0,0,0,1.0,1,1,0,20,20,0,0,0
175,174,174,176,174,175,0,0,0,0,0,0,0,0,1.0,1,1,0,20,20,0,0,0
176,175,175,177,175,176,0,0,0,0,0,0,0,0,1.0,1,1,0,20,20,0,0,0
177,176,176,178,176,177,0,0,0,0,0,0,0,0,1.0,1,1,0,20,20,0,0,0
178,177,177,179,177,178,0,0,0,0,0,0,0,0,1.0,1,1,0,20,20,0,0,0
179,178,178,180,178,179,0,0,0,0,0,0,0,0,1.0,1,1,0,20,20,0,0,0
180,179,179,181,179,180,0,0,0,0,0,0,0,0,1.0,1,1,0,20,20,0,0,0
181,180,180,182,180,181,0,0,0,0,0,0,0,0,1.0,1,1,0,20,20,0,0,0
182,181,181,183,181,182,0,0,0,0,0,0,0,0,1.0,1,1,0,20,20,0,0,0
183,182,182,184,182,183,0,0,0,0,0,0,0,0,1.0,1,1,0,20,20,0,0,0
184,183,183,185,183,184,0,0,0,0,0,0,0,0,1.0,1,1,0,20,20,0,0,0
185,184,184,186,184,185,0,0,0,0,0,0,0,0,1.0,1,1,0,20,20,0,0,0
186,185,185,187,185,186,0,0,0,0,0,0,0,0,1.0,1,1,0,20,20,0,0,0
187,186,186,188,186,187,0,0,0,0,0,0,0,0,1.0,1,1,0,20,20,0,0,0
188,187,187,189,187,188,0,0,0,0,0,0,0,0,1.0,1,1,0,20,20,0,0,0
189,188,188,190,188,189,0,0,0,0,0,0,0,0,1.0,1,1,0,20,20,0,0,0
190,189,189,191,189,190,0,0,0,0,0,0,0,0,1.0,1,1,0,20,20,0,0,0
191,190,190,192,190,191,0,0,0,0,0,0,0,0,1.0,1,1,0,20,20,0,0,0
192,191,191,193,191,192,0,0,0,0,0,0,0,0,1.0,1,1,0,20,20,0,0,0
193,192,192,194,192,193,0,0,0,0,0,0,0,0,1.0,1,1,0,20,20,0,0,0
194,193,193,195,193,194,0,0,0,0,0,0,0,0,1.0,1,1,0,20,20,0,0,0
195,194,194,196,194,195,0,0,0,0,0,0,0,0,1.0,1,1,0,20,20,0,0,0
196,195,195,197,195,196,0,0,0,0,0,0,0,0,1.0,1,1,0,20,20,0,0,0
197,196,196,198,196,197,0,0,0,0,0,0,0,0,1.0,1,1,0,20,20,0,0,0
198,197,197,199,197,198,0,0,0,0,0,0,0,0,1.0,1,1,0,20,20,0,0,0
199,198,198,200,198,199,0,0,0,0,0,0,0,0,1.0,1,1,0,20,20,0,0,0
200,199,199,201,199,200,0,0,0,0,0,0,0,0,1.0,1,1,0,20,20,0,0,0
201,200,200,202,200,201,0,0,0,0,0,0,0,0,1.0,1,1,0,20,20,0,0,0
202,201,201,203,201,202,0,0,0,0,0,0,0,0,1.0,1,1,0,20,20,0,0,0
203,202,202,204,202,203,0,0,0,0,0,0,0,0,1.0,1,1,0,20,20,0,0,0
204,203,203,205,203,204,0,0,0,0,0,0,0,0,1.0,1,1,0,20,20,0,0,0
205,204,204,206,204,205,0,0,0,0,0,0,0,0,1.0,1,1,0,20,20,0,0,0
206,205,205,207,205,206,0,0,0,0,0,0,0,0,1.0,1,1,0,20,20,0,0,0
207,206,206,208,206,207,0,0,0,0,0,0,0,0,1.0,1,1,0,20,20,0,0,0
208,207,207,209,207,208,0,0,0,0,0,0,0,0,1.0,1,1,0,20,20,0,0,0
209,208,208,210,208,209,0,0,0,0,0,0,0,0,1.0,1,1,0,20,20,0,0,0
210,209,209,211,209,210,0,0,0,0,0,0,0,0,1.0,1,1,0,20,20,0,0,0
211,210,210,212,210,211,0,0,0,0,0,0,0,0,1.0,1,1,0,20,20,0,0,0
212,211,211,213,211,212,0,0,0,0,0,0,0,0,1.0,1,1,0,20,20,0,0,0
213,212,212,214,212,213,0,0,0,0,0,0,0,0,1.0,1,1,0,20,20,0,0,0
214,213,213,215,213,214,0,0,0,0,0,0,0,0,1.0,1,1,0,20,20,0,0,0
215,214,214,216,214,215,0,0,0,0,0,0,0,0,1.0,1,1,0,20,20,0,0,0
216,215,215,217,215,216,0,0,0,0,0,0,0,0,1.0,1,1,0,20,20,0,0,0
217,216,216,218,216,217,0,0,0,0,0,0,0,0,1.0,1,1,0,20,20,0,0,0
218,217,217,219,217,218,0,0,0,0,0,0,0,0,1.0,1,1,0,20,20,0,0,0
219,218,218,220,218,219,0,0,0,0,0,0,0,0,1.0,1,1,0,20,20,0,0,0
220,219,219,221,219,220,0,0,0,0,0,0,0,0,1.0,1,1,0,20,20,0,0,0
221,220,220,222,220,221,0,0,0,0,0,0,0,0,1.0,1,1,0,20,20,0,0,0
222,221,221,223,221,222,0,0,0,0,0,0,0,0,1.0,1,1,0,20,20,0,0,0
223,222,222,224,222,223,0,0,0,0,0,0,0,0,1.0,1,1,0,20,20,0,0,0
224,223,223,225,223,224,0,0,0,0,0,0,0,0,1.0,1,1,0,20,20,0,0,0
225,224,224,226,224,225,0,0,0,0,0,0,0,0,1.0,1,1,0,20,20,0,0,0
226,225,225,227,225,226,0,0,0,0,0,0,0,0,1.0,1,1,0,20,20,0,0,0
227,226,226,228,226,227,0,0,0,0,0,0,0,0,1.0,1,1,0,20,20,0,0,0
228,227,227,229,227,228,0,0,0,0,0,0,0,0,1.0,1,1,0,20,20,0,0,0
229,228,228,230,228,229,0,0,0,0,0,0,0,0,1.0,1,1,0,20,20,0,0,0
230,229,229,231,229,230,0,0,0,0,0,0,0,0,1.0,1,1,0,20,20,0,0,0
231,230,230,232,230,231,0,0,0,0,0,0,0,0,1.0,1,1,0,20,20,0,0,0
232,231,231,233,231,232,0,0,0,0,0,0,0,0,1.0,1,1,0,20,20,0,0,0
233,232,232,234,232,233,0,0,0,0,0,0,0,0,1.0,1,1,0,20,20,0,0,0
234,233,233,235,233,234,0,0,0,0,0,0,0,0,1.0,1,1,0,20,20,0,0,0
235,234,234,236,234,235,0,0,0,0,0,0,0,0,1.0,1,1,0,20,20,0,0,0
236,235,235,237,235,236,0,0,0,0,0,0,0,0,1.0,1,1,0,20,20,0,0,0
237,236,236,238,236,237,0,0,0,0,0,0,0,0,1.0,1,1,0,20,20,0,0,0
238,237,237,239,237,238,0,0,0,0,0,0,0,0,1.0,1,1,0,20,20,0,0,0
239,238,238,240,238,239,0,0,0,0,0,0,0,0,1.0,1,1,0,20,20,0,0,0
240,239,239,241,239,240,0,0,0,0,0,0,0,0,1.0,1,1,0,20,20,0,0,0
241,240,240,242,240,241,0,0,0,0,0,0,0,0,1.0,1,1,0,20,20,0,0,0
242,241,241,243,241,242,0,0,0,0,0,0,0,0,1.0,1,1,0,20,20,0,0,0
243,242,242,244,242,243,0,0,0,0,0,0,0,0,1.0,1,1,0,20,20,0,0,0
244,243,243,245,243,244,0,0,0,0,0,0,0,0,1.0,1,1,0,20,20,0,0,0
245,244,244,246,244,245,0,0,0,0,0,0,0,0,1.0,1,1,0,20,20,0,0,0
246,245,245,247,245,246,0,0,0,0,0,0,0,0,1.0,1,1,0,20,20,0,0,0
247,246,246,248,246,247,0,0,0,0,0,0,0,0,1.0,1,1,0,20,20,0,0,0
248,247,247,249,247,248,0,0,0,0,0,0,0,0,1.0,1,1,0,20,20,0,0,0
249,248,248,250,248,249,0,0,0,0,0,0,0,0,1.0,1,1,0,20,20,0,0,0
250,249,249,251,249,250,0,0,0,0,0,0,0,0,1.0,1,1,0,20,20,0,0,0
251,250,250,252,250,251,0,0,0,0,0,0,0,0,1.0,1,1,0,20,20,0,0,0
252,251,251,253,251,252,0,0,0,0,0,0,0,0,1.0,1,1,0,20,20,0,0,0
253,252,252,254,252,253,0,0,0,0,0,0,0,0,1.0,1,1,0,20,20,0,0,0
254,253,253,255,253,254,0,0,0,0,0,0,0,0,1.0,1,1,0,20,20,0,0,0
255,254,254,256,254,255,0,0,0,0,0,0,0,0,1.0,1,1,0,20,20,0,0,0
256,255,255,257,255,256,0,0,0,0,0,0,0,0,1.0,1,1,0,20,20,0,0,0
257,256,256,258,256,257,0,0,0,0,0,0,0,0,1.0,1,1,0,20,20,0,0,0
258,257,257,259,257,258,0,0,0,0,0,0,0,0,1.0,1,1,0,20,20,0,0,0
259,258,258,260,258,259,0,0,0,0,0,0,0,0,1.0,1,1,0,20,20,0,0,0
260,259,259,261,259,260,0,0,0,0,0,0,0,0,1.0,1,1,0,20,20,0,0,0
261,260,260,262,260,261,0,0,0,0,0,0,0,0,1.0,1,1,0,20,20,0,0,0
262,261,261,263,261,262,0,0,0,0,0,0,0,0,1.0,1,1,0,20,20,0,0,0
263,262,262,264,262,263,0,0,0,0,0,0,0,0,1.0,1,1,0,20,20,0,0,0
264,263,263,265,263,264,0,0,0,0,0,0,0,0,1.0,1,1,0,20,20,0,0,0
265,264,264,266,264,265,0,0,0,0,0,0,0,0,1.0,1,1,0,20,20,0,0,0
266,265,265,267,265,266,0,0,0,0,0,0,0,0,1.0,1,1,0,20,20,0,0,0
267,266,266,268,266,267,0,0,0,0,0,0,0,0,1.0,1,1,0,20,20,0,0,0
268,267,267,269,267,268,0,0,0,0,0,0,0,0,1.0,1,1,0,20,20,0,0,0
269,268,268,270,268,269,0,0,0,0,0,0,0,0,1.0,1,1,0,20,20,0,0,0
270,269,269,271,269,270,0,0,0,0,0,0,0,0,1.0,1,1,0,20,20,0,0,0
271,270,270,272,270,271,0,0,0,0,0,0,0,0,1.0,1,1,0,20,20,0,0,0
272,271,271,273,271,272,0,0,0,0,0,0,0,0,1.0,1,1,0,20,20,0,0,0
273,272,272,274,272,273,0,0,0,0,0,0,0,0,1.0,1,1,0,20,20,0,0,0
274,273,273,275,273,274,0,0,0,0,0,0,0,0,1.0,1,1,0,20,20,0,0,0
275,274,274,276,274,275,0,0,0,0,0,0,0,0,1.0,1,1,0,20,20,0,0,0
276,275,275,277,275,276,0,0,0,0,0,0,0,0,1.0,1,1,0,20,20,0,0,0
277,276,276,278,276,277,0,0,0,0,0,0,0,0,1.0,1,1,0,20,20,0,0,0
278,277,277,279,277,278,0,0,0,0,0,0,0,0,1.0,1,1,0,20,20,0,0,0
279,278,278,280,278,279,0,0,0,0,0,0,0,0,1.0,1,1,0,20,20,0,0,0
280,279,279,281,279,280,0,0,0,0,0,0,0,0,1.0,1,1,0,20,20,0,0,0
281,280,280,282,280,281,0,0,0,0,0,0,0,0,1.0,1,1,0,20,20,0,0,0
282,281,281,283,281,282,0,0,0,0,0,0,0,0,1.0,1,1,0,20,20,0,0,0
283,282,282,284,282,283,0,0,0,0,0,0,0,0,1.0,1,1,0,20,20,0,0,0
284,283,283,285,283,284,0,0,0,0,0,0,0,0,1.0,1,1,0,20,20,0,0,0
285,284,284,286,284,285,0,0,0,0,0,0,0,0,1.0,1,1,0,20,20,0,0,0
286,285,285,287,285,286,0,0,0,0,0,0,0,0,1.0,1,1,0,20,20,0,0,0
287,286,286,288,286,287,0,0,0,0,0,0,0,0,1.0,1,1,0,20,20,0,0,0
288,287,287,289,287,288,0,0,0,0,0,0,0,0,1.0,1,1,0,20,20,0,0,0
289,288,288,290,288,289,0,0,0,0,0,0,0,0,1.0,1,1,0,20,20,0,0,0
290,289,289,291,289,290,0,0,0,0,0,0,0,0,1.0,1,1,0,20,20,0,0,0
291,290,290,292,290,291,0,0,0,0,0,0,0,0,1.0,1,1,0,20,20,0,0,0
292,291,291,293,291,292,0,0,0,0,0,0,0,0,1.0,1,1,0,20,20,0,0,0
293,292,292,294,292,293,0,0,0,0,0,0,0,0,1.0,1,1,0,20,20,0,0,0
294,293,293,0,293,294,0,0,0,0,0,0,0,0,1.0,1,1,0,20,20,0,0,0
301,301,0,302,301,302,0,0,0,0,0,0,0,0,1.0,1,1,0,20,20,0,0,0
302,302,301,303,302,303,0,0,0,0,0,0,0,0,1.0,1,1,0,20,20,0,0,0
303,303,302,304,303,304,0,0,0,0,0,0,0,0,1.0,1,1,0,20,20,0,0,0
304,304,303,305,304,305,0,0,0,0,0,0,0,0,1.0,1,1,0,20,20,0,0,0
305,305,304,306,305,306,0,0,0,0,0,0,0,0,1.0,1,1,0,20,20,0,0,0
306,306,305,307,306,307,0,0,0,0,0,0,0,0,1.0,1,1,0,20,20,0,0,0
307,307,306,308,307,308,0,0,0,0,0,0,0,0,1.0,1,1,0,20,20,0,0,0
308,308,307,309,308,309,0,0,0,0,0,0,0,0,1.0,1,1,0,20,20,0,0,0
309,309,308,310,309,310,0,0,0,0,0,0,0,0,1.0,1,1,0,20,20,0,0,0
310,310,309,311,310,311,0,0,0,0,0,0,0,0,1.0,1,1,0,20,20,0,0,0
311,311,310,312,311,312,0,0,0,0,0,0,0,0,1.0,1,1,0,20,20,0,0,0
312,312,311,313,312,313,0,0,0,0,0,0,0,0,1.0,1,1,0,20,20,0,0,0
313,313,312,314,313,314,0,0,0,0,0,0,0,0,1.0,1,1,0,20,20,0,0,0
314,314,313,315,314,315,0,0,0,0,0,0,0,0,1.0,1,1,0,20,20,0,0,0
315,315,314,316,315,316,0,0,0,0,0,0,0,0,1.0,1,1,0,20,20,0,0,0
316,316,315,317,316,317,0,0,0,0,0,0,0,0,1.0,1,1,0,20,20,0,0,0
317,317,316,318,317,318,0,0,0,0,0,0,0,0,1.0,1,1,0,20,20,0,0,0
318,318,317,319,318,319,0,0,0,0,0,0,0,0,1.0,1,1,0,20,20,0,0,0
319,319,318,320,319,320,0,0,0,0,0,0,0,0,1.0,1,1,0,20,20,0,0,0
320,320,319,321,320,321,0,0,0,0,0,0,0,0,1.0,1,1,0,20,20,0,0,0
321,321,320,322,321,322,0,0,0,0,0,0,0,0,1.0,1,1,0,20,20,0,0,0
322,322,321,323,322,323,0,0,0,0,0,0,0,0,1.0,1,1,0,20,20,0,0,0
323,323,322,324,323,324,0,0,0,0,0,0,0,0,1.0,1,1,0,20,20,0,0,0
324,324,323,325,324,325,0,0,0,0,0,0,0,0,1.0,1,1,0,20,20,0,0,0
325,325,324,326,325,326,0,0,0,0,0,0,0,0,1.0,1,1,0,20,20,0,0,0
326,326,325,327,326,327,0,0,0,0,0,0,0,0,1.0,1,1,0,20,20,0,0,0
327,327,326,328,327,328,0,0,0,0,0,0,0,0,1.0,1,1,0,20,20,0,0,0
328,328,327,329,328,329,0,0,0,0,0,0,0,0,1.0,1,1,0,20,20,0,0,0
329,329,328,330,329,330,0,0,0,0,0,0,0,0,1.0,1,1,0,20,20,0,0,0
330,330,329,331,330,331,0,0,0,0,0,0,0,0,1.0,1,1,0,20,20,0,0,0
331,331,330,332,331,332,0,0,0,0,0,0,0,0,1.0,1,1,0,20,20,0,0,0
332,332,331,333,332,333,0,0,0,0,0,0,0,0,1.0,1,1,0,20,20,0,0,0
333,333,332,334,333,334,0,0,0,0,0,0,0,0,1.0,1,1,0,20,20,0,0,0
334,334,333,335,334,335,0,0,0,0,0,0,0,0,1.0,1,1,0,20,20,0,0,0
335,335,334,336,335,336,0,0,0,0,0,0,0,0,1.0,1,1,0,20,20,0,0,0
336,336,335,337,336,337,0,0,0,0,0,0,0,0,1.0,1,1,0,20,20,0,0,0
337,337,336,338,337,338,0,0,0,0,0,0,0,0,1.0,1,1,0,20,20,0,0,0
338,338,337,339,338,339,0,0,0,0,0,0,0,0,1.0,1,1,0,20,20,0,0,0
339,339,338,340,339,340,0,0,0,0,0,0,0,0,1.0,1,1,0,20,20,0,0,0
340,340,339,341,340,341,0,0,0,0,0,0,0,0,1.0,1,1,0,20,20,0,0,0
341,341,340,342,341,342,0,0,0,0,0,0,0,0,1.0,1,1,0,20,20,0,0,0
342,342,341,343,342,343,0,0,0,0,0,0,0,0,1.0,1,1,0,20,20,0,0,0
343,343,342,344,343,344,0,0,0,0,0,0,0,0,1.0,1,1,0,20,20,0,0,0
344,344,343,345,344,345,0,0,0,0,0,0,0,0,1.0,1,1,0,20,20,0,0,0
345,345,344,346,345,346,0,0,0,0,0,0,0,0,1.0,1,1,0,20,20,0,0,0
346,346,345,347,346,347,0,0,0,0,0,0,0,0,1.0,1,1,0,20,20,0,0,0
347,347,346,348,347,348,0,0,0,0,0,0,0,0,1.0,1,1,0,20,20,0,0,0
348,348,347,349,348,349,0,0,0,0,0,0,0,0,1.0,1,1,0,20,20,0,0,0
349,349,348,350,349,350,0,0,0,0,0,0,0,0,1.0,1,1,0,20,20,0,0,0
350,350,349,351,350,351,0,0,0,0,0,0,0,0,1.0,1,1,0,20,20,0,0,0
351,351,350,352,351,352,0,0,0,0,0,0,0,0,1.0,1,1,0,20,20,0,0,0
352,352,351,353,352,353,0,0,0,0,0,0,0,0,1.0,1,1,0,20,20,0,0,0
353,353,352,354,353,354,0,0,0,0,0,0,0,0,1.0,1,1,0,20,20,0,0,0
354,354,353,355,354,355,0,0,0,0,0,0,0,0,1.0,1,1,0,20,20,0,0,0
355,355,354,356,355,356,0,0,0,0,0,0,0,0,1.0,1,1,0,20,20,0,0,0
356,356,355,357,356,357,0,0,0,0,0,0,0,0,1.0,1,1,0,20,20,0,0,0
357,357,356,358,357,358,0,0,0,0,0,0,0,0,1.0,1,1,0,20,20,0,0,0
358,358,357,359,358,359,0,0,0,0,0,0,0,0,1.0,1,1,0,20,20,0,0,0
359,359,358,360,359,360,0,0,0,0,0,0,0,0,1.0,1,1,0,20,20,0,0,0
360,360,359,361,360,361,0,0,0,0,0,0,0,0,1.0,1,1,0,20,20,0,0,0
361,361,360,362,361,362,0,0,0,0,0,0,0,0,1.0,1,1,0,20,20,0,0,0
362,362,361,363,362,363,0,0,0,0,0,0,0,0,1.0,1,1,0,20,20,0,0,0
363,363,362,364,363,364,0,0,0,0,0,0,0,0,1.0,1,1,0,20,20,0,0,0
364,364,363,365,364,365,0,0,0,0,0,0,0,0,1.0,1,1,0,20,20,0,0,0
365,365,364,366,365,366,0,0,0,0,0,0,0,0,1.0,1,1,0,20,20,0,0,0
366,366,365,367,366,367,0,0,0,0,0,0,0,0,1.0,1,1,0,20,20,0,0,0
367,367,366,368,367,368,0,0,0,0,0,0,0,0,1.0,1,1,0,20,20,0,0,0
368,368,367,369,368,369,0,0,0,0,0,0,0,0,1.0,1,1,0,20,20,0,0,0
369,369,368,370,369,370,0,0,0,0,0,0,0,0,1.0,1,1,0,20,20,0,0,0
370,370,369,371,370,371,0,0,0,0,0,0,0,0,1.0,1,1,0,20,20,0,0,0
371,371,370,372,371,372,0,0,0,0,0,0,0,0,1.0,1,1,0,20,20,0,0,0
372,372,371,373,372,373,0,0,0,0,0,0,0,0,1.0,1,1,0,20,20,0,0,0
373,373,372,374,373,374,0,0,0,0,0,0,0,0,1.0,1,1,0,20,20,0,0,0
374,374,373,375,374,375,0,0,0,0,0,0,0,0,1.0,1,1,0,20,20,0,0,0
375,375,374,376,375,376,0,0,0,0,0,0,0,0,1.0,1,1,0,20,20,0,0,0
376,376,375,377,376,377,0,0,0,0,0,0,0,0,1.0,1,1,0,20,20,0,0,0
377,377,376,378,377,378,0,0,0,0,0,0,0,0,1.0,1,1,0,20,20,0,0,0
378,378,377,379,378,379,0,0,0,0,0,0,0,0,1.0,1,1,0,20,20,0,0,0
379,379,378,380,379,380,0,0,0,0,0,0,0,0,1.0,1,1,0,20,20,0,0,0
380,380,379,381,380,381,0,0,0,0,0,0,0,0,1.0,1,1,0,20,20,0,0,0
381,381,380,382,381,382,0,0,0,0,0,0,0,0,1.0,1,1,0,20,20,0,0,0
382,382,381,383,382,383,0,0,0,0,0,0,0,0,1.0,1,1,0,20,20,0,0,0
383,383,382,384,383,384,0,0,0,0,0,0,0,0,1.0,1,1,0,20,20,0,0,0
384,384,383,385,384,385,0,0,0,0,0,0,0,0,1.0,1,1,0,20,20,0,0,0
385,385,384,386,385,386,0,0,0,0,0,0,0,0,1.0,1,1,0,20,20,0,0,0
386,386,385,387,386,387,0,0,0,0,0,0,0,0,1.0,1,1,0,20,20,0,0,0
387,387,386,388,387,388,0,0,0,0,0,0,0,0,1.0,1,1,0,20,20,0,0,0
388,388,387,389,388,389,0,0,0,0,0,0,0,0,1.0,1,1,0,20,20,0,0,0
389,389,388,390,389,390,0,0,0,0,0,0,0,0,1.0,1,1,0,20,20,0,0,0
390,390,389,391,390,391,0,0,0,0,0,0,0,0,1.0,1,1,0,20,20,0,0,0
391,391,390,392,391,392,0,0,0,0,0,0,0,0,1.0,1,1,0,20,20,0,0,0
392,392,391,393,392,393,0,0,0,0,0,0,0,0,1.0,1,1,0,20,20,0,0,0
393,393,392,394,393,394,0,0,0,0,0,0,0,0,1.0,1,1,0,20,20,0,0,0
394,394,393,395,394,395,0,0,0,0,0,0,0,0,1.0,1,1,0,20,20,0,0,0
395,395,394,396,395,396,0,0,0,0,0,0,0,0,1.0,1,1,0,20,20,0,0,0
396,396,395,397,396,397,0,0,0,0,0,0,0,0,1.0,1,1,0,20,20,0,0,0
397,397,396,398,397,398,0,0,0,0,0,0,0,0,1.0,1,1,0,20,20,0,0,0
398,398,397,399,398,399,0,0,0,0,0,0,0,0,1.0,1,1,0,20,20,0,0,0
399,399,398,400,399,400,0,0,0,0,0,0,0,0,1.0,1,1,0,20,20,0,0,0
400,400,399,401,400,401,0,0,0,0,0,0,0,0,1.0,1,1,0,20,20,0,0,0
401,401,400,402,401,402,0,0,0,0,0,0,0,0,1.0,1,1,0,20,20,0,0,0
402,402,401,403,402,403,0,0,0,0,0,0,0,0,1.0,1,1,0,20,20,0,0,0
403,403,402,404,403,404,0,0,0,0,0,0,0,0,1.0,1,1,0,20,20,0,0,0
404,404,403,405,404,405,0,0,0,0,0,0,0,0,1.0,1,1,0,20,20,0,0,0
405,405,404,406,405,406,0,0,0,0,0,0,0,0,1.0,1,1,0,20,20,0,0,0
406,406,405,407,406,407,0,0,0,0,0,0,0,0,1.0,1,1,0,20,20,0,0,0
407,407,406,408,407,408,0,0,0,0,0,0,0,0,1.0,1,1,0,20,20,0,0,0
408,408,407,409,408,409,0,0,0,0,0,0,0,0,1.0,1,1,0,20,20,0,0,0
409,409,408,410,409,410,0,0,0,0,0,0,0,0,1.0,1,1,0,20,20,0,0,0
410,410,409,411,410,411,0,0,0,0,0,0,0,0,1.0,1,1,0,20,20,0,0,0
411,411,410,412,411,412,0,0,0,0,0,0,0,0,1.0,1,1,0,20,20,0,0,0
412,412,411,413,412,413,0,0,0,0,0,0,0,0,1.0,1,1,0,20,20,0,0,0
413,413,412,414,413,414,0,0,0,0,0,0,0,0,1.0,1,1,0,20,20,0,0,0
414,414,413,415,414,415,0,0,0,0,0,0,0,0,1.0,1,1,0,20,20,0,0,0
415,415,414,416,415,416,0,0,0,0,0,0,0,0,1.0,1,1,0,20,20,0,0,0
416,416,415,417,416,417,0,0,0,0,0,0,0,0,1.0,1,1,0,20,20,0,0,0
417,417,416,418,417,418,0,0,0,0,0,0,0,0,1.0,1,1,0,20,20,0,0,0
418,418,417,419,418,419,0,0,0,0,0,0,0,0,1.0,1,1,0,20,20,0,0,0
419,419,418,420,419,420,0,0,0,0,0,0,0,0,1.0,1,1,0,20,20,0,0,0
420,420,419,421,420,421,0,0,0,0,0,0,0,0,1.0,1,1,0,20,20,0,0,0
421,421,420,422,421,422,0,0,0,0,0,0,0,0,1.0,1,1,0,20,20,0,0,0
422,422,421,423,422,423,0,0,0,0,0,0,0,0,1.0,1,1,0,20,20,0,0,0
423,423,422,424,423,424,0,0,0,0,0,0,0,0,1.0,1,1,0,20,20,0,0,0
424,424,423,425,424,425,0,0,0,0,0,0,0,0,1.0,1,1,0,20,20,0,0,0
425,425,424,426,425,426,0,0,0,0,0,0,0,0,1.0,1,1,0,20,20,0,0,0
426,426,425,427,426,427,0,0,0,0,0,0,0,0,1.0,1,1,0,20,20,0,0,0
427,427,426,428,427,428,0,0,0,0,0,0,0,0,1.0,1,1,0,20,20,0,0,0
428,428,427,429,428,429,0,0,0,0,0,0,0,0,1.0,1,1,0,20,20,0,0,0
429,429,428,430,429,430,0,0,0,0,0,0,0,0,1.0,1,1,0,20,20,0,0,0
430,430,429,431,430,431,0,0,0,0,0,0,0,0,1.0,1,1,0,20,20,0,0,0
431,431,430,432,431,432,0,0,0,0,0,0,0,0,1.0,1,1,0,20,20,0,0,0
432,432,431,433,432,433,0,0,0,0,0,0,0,0,1.0,1,1,0,20,20,0,0,0
433,433,432,434,433,434,0,0,0,0,0,0,0,0,1.0,1,1,0,20,20,0,0,0
434,434,433,435,434,435,0,0,0,0,0,0,0,0,1.0,1,1,0,20,20,0,0,0
435,435,434,436,435,436,0,0,0,0,0,0,0,0,1.0,1,1,0,20,20,0,0,0
436,436,435,437,436,437,0,0,0,0,0,0,0,0,1.0,1,1,0,20,20,0,0,0
437,437,436,438,437,438,0,0,0,0,0,0,0,0,1.0,1,1,0,20,20,0,0,0
438,438,437,439,438,439,0,0,0,0,0,0,0,0,1.0,1,1,0,20,20,0,0,0
439,439,438,440,439,440,0,0,0,0,0,0,0,0,1.0,1,1,0,20,20,0,0,0
440,440,439,441,440,441,0,0,0,0,0,0,0,0,1.0,1,1,0,20,20,0,0,0
441,441,440,442,441,442,0,0,0,0,0,0,0,0,1.0,1,1,0,20,20,0,0,0
442,442,441,443,442,443,0,0,0,0,0,0,0,0,1.0,1,1,0,20,20,0,0,0
443,443,442,444,443,444,0,0,0,0,0,0,0,0,1.0,1,1,0,20,20,0,0,0
444,444,443,445,444,445,0,0,0,0,0,0,0,0,1.0,1,1,0,20,20,0,0,0
445,445,444,446,445,446,0,0,0,0,0,0,0,0,1.0,1,1,0,20,20,0,0,0
446,446,445,447,446,447,0,0,0,0,0,0,0,0,1.0,1,1,0,20,20,0,0,0
447,447,446,448,447,448,0,0,0,0,0,0,0,0,1.0,1,1,0,20,20,0,0,0
448,448,447,449,448,449,0,0,0,0,0,0,0,0,1.0,1,1,0,20,20,0,0,0
449,449,448,450,449,450,0,0,0,0,0,0,0,0,1.0,1,1,0,20,20,0,0,0
450,450,449,451,450,451,0,0,0,0,0,0,0,0,1.0,1,1,0,20,20,0,0,0
451,451,450,452,451,452,0,0,0,0,0,0,0,0,1.0,1,1,0,20,20,0,0,0
452,452,451,453,452,453,0,0,0,0,0,0,0,0,1.0,1,1,0,20,20,0,0,0
453,453,452,454,453,454,0,0,0,0,0,0,0,0,1.0,1,1,0,20,20,0,0,0
454,454,453,455,454,455,0,0,0,0,0,0,0,0,1.0,1,1,0,20,20,0,0,0
455,455,454,456,455,456,0,0,0,0,0,0,0,0,1.0,1,1,0,20,20,0,0,0
456,456,455,457,456,457,0,0,0,0,0,0,0,0,1.0,1,1,0,20,20,0,0,0
457,457,456,458,457,458,0,0,0,0,0,0,0,0,1.0,1,1,0,20,20,0,0,0
458,458,457,459,458,459,0,0,0,0,0,0,0,0,1.0,1,1,0,20,20,0,0,0
459,459,458,460,459,460,0,0,0,0,0,0,0,0,1.0,1,1,0,20,20,0,0,0
460,460,459,461,460,461,0,0,0,0,0,0,0,0,1.0,1,1,0,20,20,0,0,0
461,461,460,462,461,462,0,0,0,0,0,0,0,0,1.0,1,1,0,20,20,0,0,0
462,462,461,463,462,463,0,0,0,0,0,0,0,0,1.0,1,1,0,20,20,0,0,0
463,463,462,464,463,464,0,0,0,0,0,0,0,0,1.0,1,1,0,20,20,0,0,0
464,464,463,0,464,465,0,0,0,0,0,0,0,0,1.0,1,1,0,20,20,0,0,0
