PID,B(Lat),L(Long),H,Bx,Ly,ReF,MCODE1,MCODE2,MCODE3
10001,0,0,0.038,-1739.662,168.951,0,0,0,0
10002,0,0,0.038,-1739.662,169.09,0,0,0,0
10003,0,0,0.038,-1739.662,169.188,0,0,0,0
10004,0,0,0.038,-1739.662,169.296,0,0,0,0
10005,0,0,0.038,-1739.662,169.444,0,0,0,0
10006,0,0,0.038,-1739.662,169.847,0,0,0,0
10007,0,0,0.038,-1739.662,170.051,0,0,0,0
10008,0,0,0.038,-1739.662,170.227,0,0,0,0
10009,0,0,0.038,-1739.662,170.455,0,0,0,0
10010,0,0,0.038,-1739.662,170.633,0,0,0,0
10011,0,0,0.038,-1739.662,170.836,0,0,0,0
10012,0,0,0.038,-1739.662,171.038,0,0,0,0
10013,0,0,0.038,-1739.662,171.515,0,0,0,0
10014,0,0,0.038,-1739.662,171.784,0,0,0,0
10015,0,0,0.038,-1739.662,172.084,0,0,0,0
10016,0,0,0.038,-1739.662,172.405,0,0,0,0
10017,0,0,0.038,-1739.662,173.045,0,0,0,0
10018,0,0,0.038,-1739.662,173.364,0,0,0,0
10019,0,0,0.038,-1739.662,173.689,0,0,0,0
10020,0,0,0.038,-1739.662,174.039,0,0,0,0
10021,0,0,0.038,-1739.662,174.828,0,0,0,0
10022,0,0,0.038,-1739.662,175.232,0,0,0,0
10023,0,0,0.038,-1739.662,176.041,0,0,0,0
10024,0,0,0.037,-1739.662,176.464,0,0,0,0
10025,0,0,0.037,-1739.662,176.92,0,0,0,0
10026,0,0,0.037,-1739.664,177.41,0,0,0,0
10027,0,0,0.037,-1739.666,177.93,0,0,0,0
10028,0,0,0.037,-1739.666,178.46,0,0,0,0
10029,0,0,0.037,-1739.666,178.922,0,0,0,0
10030,0,0,0.037,-1739.668,179.516,0,0,0,0
10031,0,0,0.037,-1739.669,180.059,0,0,0,0
10032,0,0,0.037,-1739.669,180.636,0,0,0,0
10033,0,0,0.037,-1739.671,181.234,0,0,0,0
10034,0,0,0.037,-1739.671,181.757,0,0,0,0
10035,0,0,0.037,-1739.673,182.354,0,0,0,0
10036,0,0,0.037,-1739.673,182.95,0,0,0,0
10037,0,0,0.037,-1739.675,183.619,0,0,0,0
10038,0,0,0.037,-1739.675,184.215,0,0,0,0
10039,0,0,0.037,-1739.677,184.838,0,0,0,0
10040,0,0,0.037,-1739.679,185.495,0,0,0,0
10041,0,0,0.037,-1739.68,186.165,0,0,0,0
10042,0,0,0.037,-1739.682,186.834,0,0,0,0
10043,0,0,0.037,-1739.684,187.502,0,0,0,0
10044,0,0,0.037,-1739.688,188.834,0,0,0,0
10045,0,0,0.037,-1739.691,190.19,0,0,0,0
10046,0,0,0.037,-1739.693,190.912,0,0,0,0
10047,0,0,0.037,-1739.695,191.641,0,0,0,0
10048,0,0,0.037,-1739.697,192.368,0,0,0,0
10049,0,0,0.037,-1739.699,193.094,0,0,0,0
10050,0,0,0.037,-1739.703,193.819,0,0,0,0
10051,0,0,0.037,-1739.704,194.542,0,0,0,0
10052,0,0,0.037,-1739.708,195.988,0,0,0,0
10053,0,0,0.037,-1739.71,196.707,0,0,0,0
10054,0,0,0.037,-1739.712,197.427,0,0,0,0
10055,0,0,0.037,-1739.714,198.056,0,0,0,0
10056,0,0,0.037,-1739.715,198.774,0,0,0,0
10057,0,0,0.037,-1739.717,199.607,0,0,0,0
10058,0,0,0.037,-1739.719,200.382,0,0,0,0
10059,0,0,0.037,-1739.723,201.167,0,0,0,0
10060,0,0,0.037,-1739.726,201.952,0,0,0,0
10061,0,0,0.037,-1739.728,202.737,0,0,0,0
10062,0,0,0.037,-1739.732,203.518,0,0,0,0
10063,0,0,0.036,-1739.734,204.299,0,0,0,0
10064,0,0,0.036,-1739.738,204.981,0,0,0,0
10065,0,0,0.036,-1739.741,205.857,0,0,0,0
10066,0,0,0.036,-1739.743,206.54,0,0,0,0
10067,0,0,0.036,-1739.747,207.449,0,0,0,0
10068,0,0,0.036,-1739.752,209.153,0,0,0,0
10069,0,0,0.036,-1739.756,210.012,0,0,0,0
10070,0,0,0.036,-1739.76,210.762,0,0,0,0
10071,0,0,0.036,-1739.763,211.725,0,0,0,0
10072,0,0,0.036,-1739.767,212.578,0,0,0,0
10073,0,0,0.036,-1739.78,215.272,0,0,0,0
10074,0,0,0.036,-1739.784,216.197,0,0,0,0
10075,0,0,0.036,-1739.787,217.123,0,0,0,0
10076,0,0,0.036,-1739.793,218.047,0,0,0,0
10077,0,0,0.036,-1739.797,218.969,0,0,0,0
10078,0,0,0.036,-1739.808,220.809,0,0,0,0
10079,0,0,0.036,-1739.811,221.748,0,0,0,0
10080,0,0,0.036,-1739.82,223.59,0,0,0,0
10081,0,0,0.036,-1739.832,225.696,0,0,0,0
10082,0,0,0.036,-1739.837,226.685,0,0,0,0
10083,0,0,0.036,-1739.843,227.67,0,0,0,0
10084,0,0,0.036,-1739.854,229.515,0,0,0,0
10085,0,0,0.036,-1739.861,230.621,0,0,0,0
10086,0,0,0.036,-1739.867,231.478,0,0,0,0
10087,0,0,0.036,-1739.872,232.58,0,0,0,0
10088,0,0,0.036,-1739.878,233.556,0,0,0,0
10089,0,0,0.036,-1739.883,234.411,0,0,0,0
10090,0,0,0.036,-1739.89,235.506,0,0,0,0
10091,0,0,0.036,-1739.896,236.48,0,0,0,0
10092,0,0,0.036,-1739.907,238.515,0,0,0,0
10093,0,0,0.036,-1739.913,239.557,0,0,0,0
10094,0,0,0.039,-1739.92,240.726,0,0,0,0
10095,0,0,0.037,-1739.925,241.635,0,0,0,0
10096,0,0,0.037,-1739.931,242.67,0,0,0,0
10097,0,0,0.038,-1739.938,243.704,0,0,0,0
10098,0,0,0.034,-1739.951,245.768,0,0,0,0
10099,0,0,0.034,-1739.959,246.926,0,0,0,0
10100,0,0,0.034,-1739.966,247.956,0,0,0,0
10101,0,0,0.034,-1739.973,249.011,0,0,0,0
10102,0,0,0.034,-1739.979,249.955,0,0,0,0
10103,0,0,0.034,-1739.986,251.033,0,0,0,0
10104,0,0,0.034,-1739.992,252.111,0,0,0,0
10105,0,0,0.034,-1740.007,254.257,0,0,0,0
10106,0,0,0.034,-1740.012,255.328,0,0,0,0
10107,0,0,0.034,-1740.019,256.265,0,0,0,0
10108,0,0,0.034,-1740.027,257.599,0,0,0,0
10109,0,0,0.034,-1740.034,258.663,0,0,0,0
10110,0,0,0.034,-1740.042,259.728,0,0,0,0
10111,0,0,0.034,-1740.047,260.789,0,0,0,0
10112,0,0,0.034,-1740.054,261.717,0,0,0,0
10113,0,0,0.034,-1740.069,263.964,0,0,0,0
10114,0,0,0.034,-1740.075,264.887,0,0,0,0
10115,0,0,0.034,-1740.08,265.808,0,0,0,0
10116,0,0,0.034,-1740.088,266.991,0,0,0,0
10117,0,0,0.034,-1740.095,268.171,0,0,0,0
10118,0,0,0.034,-1740.102,269.219,0,0,0,0
10119,0,0,0.034,-1740.108,270.134,0,0,0,0
10120,0,0,0.034,-1740.115,271.048,0,0,0,0
10121,0,0,0.034,-1740.123,272.351,0,0,0,0
10122,0,0,0.034,-1740.128,273.262,0,0,0,0
10123,0,0,0.034,-1740.143,275.337,0,0,0,0
10124,0,0,0.034,-1740.148,276.243,0,0,0,0
10125,0,0,0.034,-1740.156,277.406,0,0,0,0
10126,0,0,0.034,-1740.163,278.567,0,0,0,0
10127,0,0,0.034,-1740.171,279.597,0,0,0,0
10128,0,0,0.034,-1740.178,280.625,0,0,0,0
10129,0,0,0.034,-1740.191,282.676,0,0,0,0
10130,0,0,0.034,-1740.198,283.699,0,0,0,0
10131,0,0,0.034,-1740.204,284.593,0,0,0,0
10132,0,0,0.034,-1740.211,285.739,0,0,0,0
10133,0,0,0.034,-1740.218,286.758,0,0,0,0
10134,0,0,0.034,-1740.224,287.646,0,0,0,0
10135,0,0,0.034,-1740.233,288.789,0,0,0,0
10136,0,0,0.034,-1740.239,289.802,0,0,0,0
10137,0,0,0.034,-1740.246,290.813,0,0,0,0
10138,0,0,0.034,-1740.252,291.696,0,0,0,0
10139,0,0,0.034,-1740.257,292.703,0,0,0,0
10140,0,0,0.034,-1740.27,294.839,0,0,0,0
10141,0,0,0.035,-1740.276,295.842,0,0,0,0
10142,0,0,0.035,-1740.283,296.842,0,0,0,0
10143,0,0,0.036,-1740.294,298.84,0,0,0,0
10144,0,0,0.036,-1740.3,299.71,0,0,0,0
10145,0,0,0.036,-1740.305,300.705,0,0,0,0
10146,0,0,0.036,-1740.311,301.699,0,0,0,0
10147,0,0,0.036,-1740.318,302.814,0,0,0,0
10148,0,0,0.036,-1740.324,303.803,0,0,0,0
10149,0,0,0.036,-1740.329,304.79,0,0,0,0
10150,0,0,0.036,-1740.34,306.637,0,0,0,0
10151,0,0,0.036,-1740.347,307.743,0,0,0,0
10152,0,0,0.036,-1740.353,308.724,0,0,0,0
10153,0,0,0.036,-1740.357,309.581,0,0,0,0
10154,0,0,0.036,-1740.364,310.682,0,0,0,0
10155,0,0,0.036,-1740.368,311.414,0,0,0,0
10156,0,0,0.036,-1740.375,312.511,0,0,0,0
10157,0,0,0.036,-1740.381,313.483,0,0,0,0
10158,0,0,0.036,-1740.388,314.575,0,0,0,0
10159,0,0,0.036,-1740.394,315.546,0,0,0,0
10160,0,0,0.036,-1740.399,316.393,0,0,0,0
10161,0,0,0.036,-1740.405,317.36,0,0,0,0
10162,0,0,0.036,-1740.41,318.325,0,0,0,0
10163,0,0,0.036,-1740.418,319.408,0,0,0,0
10164,0,0,0.036,-1740.423,320.371,0,0,0,0
10165,0,0,0.036,-1740.429,321.211,0,0,0,0
10166,0,0,0.036,-1740.434,322.289,0,0,0,0
10167,0,0,0.036,-1740.453,325.155,0,0,0,0
10168,0,0,0.036,-1740.458,326.107,0,0,0,0
10169,0,0,0.036,-1740.469,328.007,0,0,0,0
10170,0,0,0.036,-1740.476,328.955,0,0,0,0
10171,0,0,0.036,-1740.488,330.845,0,0,0,0
10172,0,0,0.036,-1740.493,331.787,0,0,0,0
10173,0,0,0.036,-1740.499,332.73,0,0,0,0
10174,0,0,0.036,-1740.504,333.669,0,0,0,0
10175,0,0,0.036,-1740.511,334.607,0,0,0,0
10176,0,0,0.036,-1740.517,335.661,0,0,0,0
10177,0,0,0.036,-1740.523,336.479,0,0,0,0
10178,0,0,0.036,-1740.528,337.412,0,0,0,0
10179,0,0,0.036,-1740.534,338.344,0,0,0,0
10180,0,0,0.036,-1740.545,339.972,0,0,0,0
10181,0,0,0.036,-1740.55,341.015,0,0,0,0
10182,0,0,0.036,-1740.556,342.057,0,0,0,0
10183,0,0,0.036,-1740.561,342.981,0,0,0,0
10184,0,0,0.036,-1740.565,343.788,0,0,0,0
10185,0,0,0.036,-1740.576,345.746,0,0,0,0
10186,0,0,0.036,-1740.58,346.664,0,0,0,0
10187,0,0,0.036,-1740.591,348.5,0,0,0,0
10188,0,0,0.036,-1740.596,349.447,0,0,0,0
10189,0,0,0.036,-1740.6,350.281,0,0,0,0
10190,0,0,0.036,-1740.607,351.354,0,0,0,0
10191,0,0,0.036,-1740.613,352.303,0,0,0,0
10192,0,0,0.036,-1740.618,353.253,0,0,0,0
10193,0,0,0.036,-1740.624,354.201,0,0,0,0
10194,0,0,0.036,-1740.628,355.029,0,0,0,0
10195,0,0,0.036,-1740.633,356.092,0,0,0,0
10196,0,0,0.036,-1740.639,357.034,0,0,0,0
10197,0,0,0.036,-1740.642,357.858,0,0,0,0
10198,0,0,0.036,-1740.648,358.798,0,0,0,0
10199,0,0,0.036,-1740.652,359.854,0,0,0,0
10200,0,0,0.036,-1740.659,361.726,0,0,0,0
10201,0,0,0.036,-1740.663,362.661,0,0,0,0
10202,0,0,0.036,-1740.668,363.592,0,0,0,0
10203,0,0,0.036,-1740.672,364.523,0,0,0,0
10204,0,0,0.036,-1740.679,366.495,0,0,0,0
10205,0,0,0.036,-1740.683,367.421,0,0,0,0
10206,0,0,0.036,-1740.687,368.23,0,0,0,0
10207,0,0,0.036,-1740.69,369.039,0,0,0,0
10208,0,0,0.036,-1740.69,370.076,0,0,0,0
10209,0,0,0.036,-1740.692,370.996,0,0,0,0
10210,0,0,0.036,-1740.692,371.914,0,0,0,0
10211,0,0,0.036,-1740.692,372.716,0,0,0,0
10212,0,0,0.036,-1740.692,373.632,0,0,0,0
10213,0,0,0.036,-1740.692,374.66,0,0,0,0
10214,0,0,0.036,-1740.692,375.593,0,0,0,0
10215,0,0,0.036,-1740.692,376.532,0,0,0,0
10216,0,0,0.036,-1740.692,377.352,0,0,0,0
10217,0,0,0.036,-1740.692,378.287,0,0,0,0
10218,0,0,0.036,-1740.692,379.338,0,0,0,0
10219,0,0,0.036,-1740.692,381.201,0,0,0,0
10220,0,0,0.036,-1740.69,382.015,0,0,0,0
10221,0,0,0.036,-1740.688,383.175,0,0,0,0
10222,0,0,0.036,-1740.685,384.101,0,0,0,0
10223,0,0,0.036,-1740.683,385.026,0,0,0,0
10224,0,0,0.036,-1740.679,385.833,0,0,0,0
10225,0,0,0.036,-1740.675,386.755,0,0,0,0
10226,0,0,0.036,-1740.672,387.675,0,0,0,0
10227,0,0,0.036,-1740.668,388.709,0,0,0,0
10228,0,0,0.036,-1740.664,389.512,0,0,0,0
10229,0,0,0.036,-1740.661,390.428,0,0,0,0
10230,0,0,0.036,-1740.657,391.456,0,0,0,0
10231,0,0,0.036,-1740.652,392.256,0,0,0,0
10232,0,0,0.036,-1740.64,393.28,0,0,0,0
10233,0,0,0.036,-1740.631,394.191,0,0,0,0
10234,0,0,0.036,-1740.622,394.985,0,0,0,0
10235,0,0,0.036,-1740.611,395.892,0,0,0,0
10236,0,0,0.036,-1740.587,397.814,0,0,0,0
10237,0,0,0.036,-1740.576,398.715,0,0,0,0
10238,0,0,0.036,-1740.563,399.615,0,0,0,0
10239,0,0,0.036,-1740.552,400.515,0,0,0,0
10240,0,0,0.036,-1740.543,401.301,0,0,0,0
10241,0,0,0.036,-1740.528,402.309,0,0,0,0
10242,0,0,0.036,-1740.519,403.106,0,0,0,0
10243,0,0,0.036,-1740.508,404.023,0,0,0,0
10244,0,0,0.036,-1740.493,405.052,0,0,0,0
10245,0,0,0.036,-1740.482,405.967,0,0,0,0
10246,0,0,0.036,-1740.471,406.765,0,0,0,0
10247,0,0,0.036,-1740.458,407.789,0,0,0,0
10248,0,0,0.036,-1740.447,408.698,0,0,0,0
10249,0,0,0.036,-1740.436,409.605,0,0,0,0
10250,0,0,0.036,-1740.425,410.397,0,0,0,0
10251,0,0,0.036,-1740.401,412.206,0,0,0,0
10252,0,0,0.036,-1740.388,413.221,0,0,0,0
10253,0,0,0.036,-1740.377,414.12,0,0,0,0
10254,0,0,0.036,-1740.366,414.907,0,0,0,0
10255,0,0,0.036,-1740.355,415.803,0,0,0,0
10256,0,0,0.035,-1740.342,416.812,0,0,0,0
10257,0,0,0.035,-1740.329,417.706,0,0,0,0
10258,0,0,0.035,-1740.309,419.378,0,0,0,0
10259,0,0,0.035,-1740.298,420.38,0,0,0,0
10260,0,0,0.035,-1740.287,421.268,0,0,0,0
10261,0,0,0.035,-1740.266,423.042,0,0,0,0
10262,0,0,0.035,-1740.257,423.925,0,0,0,0
10263,0,0,0.035,-1740.246,424.808,0,0,0,0
10264,0,0,0.035,-1740.224,426.568,0,0,0,0
10265,0,0,0.035,-1740.215,427.338,0,0,0,0
10266,0,0,0.035,-1740.202,428.435,0,0,0,0
10267,0,0,0.035,-1740.193,429.201,0,0,0,0
10268,0,0,0.035,-1740.178,430.201,0,0,0,0
10269,0,0,0.035,-1740.169,430.98,0,0,0,0
10270,0,0,0.035,-1740.156,431.87,0,0,0,0
10271,0,0,0.035,-1740.145,432.759,0,0,0,0
10272,0,0,0.035,-1740.121,434.531,0,0,0,0
10273,0,0,0.035,-1740.108,435.525,0,0,0,0
10274,0,0,0.035,-1740.097,436.408,0,0,0,0
10275,0,0,0.035,-1740.086,437.287,0,0,0,0
10276,0,0,0.035,-1740.073,438.169,0,0,0,0
10277,0,0,0.035,-1740.062,439.065,0,0,0,0
10278,0,0,0.035,-1740.051,439.857,0,0,0,0
10279,0,0,0.035,-1740.038,440.871,0,0,0,0
10280,0,0,0.035,-1740.027,441.773,0,0,0,0
10281,0,0,0.035,-1740.014,442.673,0,0,0,0
10282,0,0,0.035,-1740.003,443.571,0,0,0,0
10283,0,0,0.035,-1739.992,444.355,0,0,0,0
10284,0,0,0.035,-1739.979,445.365,0,0,0,0
10285,0,0,0.035,-1739.97,446.259,0,0,0,0
10286,0,0,0.035,-1739.961,447.04,0,0,0,0
10287,0,0,0.036,-1739.938,448.932,0,0,0,0
10288,0,0,0.036,-1739.929,449.819,0,0,0,0
10289,0,0,0.036,-1739.92,450.596,0,0,0,0
10290,0,0,0.036,-1739.909,451.592,0,0,0,0
10291,0,0,0.036,-1739.9,452.475,0,0,0,0
10292,0,0,0.036,-1739.89,453.358,0,0,0,0
10293,0,0,0.036,-1739.881,454.128,0,0,0,0
10294,0,0,0.036,-1739.872,454.898,0,0,0,0
10295,0,0,0.036,-1739.861,455.887,0,0,0,0
10296,0,0,0.036,-1739.85,456.874,0,0,0,0
10297,0,0,0.036,-1739.832,458.514,0,0,0,0
10298,0,0,0.036,-1739.82,459.516,0,0,0,0
10299,0,0,0.036,-1739.813,460.299,0,0,0,0
10300,0,0,0.036,-1739.802,461.302,0,0,0,0
10301,0,0,0.036,-1739.795,462.083,0,0,0,0
10302,0,0,0.036,-1739.787,462.972,0,0,0,0
10303,0,0,0.036,-1739.78,463.972,0,0,0,0
10304,0,0,0.036,-1739.774,464.747,0,0,0,0
10305,0,0,0.036,-1739.769,465.743,0,0,0,0
10306,0,0,0.036,-1739.765,466.628,0,0,0,0
10307,0,0,0.036,-1739.761,467.4,0,0,0,0
10308,0,0,0.036,-1739.758,468.392,0,0,0,0
10309,0,0,0.036,-1739.756,469.272,0,0,0,0
10310,0,0,0.036,-1739.752,470.149,0,0,0,0
10311,0,0,0.036,-1739.749,471.027,0,0,0,0
10312,0,0,0.036,-1739.75,471.902,0,0,0,0
10313,0,0,0.036,-1739.75,472.776,0,0,0,0
10314,0,0,0.036,-1739.752,473.539,0,0,0,0
10315,0,0,0.036,-1739.754,474.52,0,0,0,0
10316,0,0,0.036,-1739.756,475.388,0,0,0,0
10317,0,0,0.036,-1739.758,476.149,0,0,0,0
10318,0,0,0.036,-1739.769,479.766,0,0,0,0
10319,0,0,0.036,-1739.771,480.649,0,0,0,0
10320,0,0,0.036,-1739.774,481.423,0,0,0,0
10321,0,0,0.036,-1739.776,482.414,0,0,0,0
10322,0,0,0.036,-1739.78,483.293,0,0,0,0
10323,0,0,0.036,-1739.784,484.172,0,0,0,0
10324,0,0,0.036,-1739.789,485.05,0,0,0,0
10325,0,0,0.036,-1739.797,485.924,0,0,0,0
10326,0,0,0.036,-1739.806,486.799,0,0,0,0
10327,0,0,0.036,-1739.813,487.671,0,0,0,0
10328,0,0,0.036,-1739.824,488.651,0,0,0,0
10329,0,0,0.036,-1739.833,489.413,0,0,0,0
10330,0,0,0.036,-1739.843,490.281,0,0,0,0
10331,0,0,0.036,-1739.852,491.148,0,0,0,0
10332,0,0,0.036,-1739.863,492.014,0,0,0,0
10333,0,0,0.036,-1739.872,492.986,0,0,0,0
10334,0,0,0.036,-1739.881,493.741,0,0,0,0
10335,0,0,0.036,-1739.892,494.709,0,0,0,0
10336,0,0,0.036,-1739.9,495.355,0,0,0,0
10337,0,0,0.036,-1739.913,496.437,0,0,0,0
10338,0,0,0.036,-1739.922,497.218,0,0,0,0
10339,0,0,0.036,-1739.935,498.221,0,0,0,0
10340,0,0,0.036,-1739.944,499.0,0,0,0,0
10341,0,0,0.036,-1739.955,500.002,0,0,0,0
10342,0,0,0.036,-1739.964,500.779,0,0,0,0
10343,0,0,0.036,-1739.986,502.551,0,0,0,0
10344,0,0,0.036,-1739.997,503.434,0,0,0,0
10345,0,0,0.036,-1740.008,504.317,0,0,0,0
10346,0,0,0.036,-1740.019,505.308,0,0,0,0
10347,0,0,0.036,-1740.031,506.187,0,0,0,0
10348,0,0,0.036,-1740.042,507.067,0,0,0,0
10349,0,0,0.036,-1740.051,507.942,0,0,0,0
10350,0,0,0.036,-1740.06,508.818,0,0,0,0
10351,0,0,0.036,-1740.069,509.582,0,0,0,0
10352,0,0,0.036,-1740.08,510.564,0,0,0,0
10353,0,0,0.036,-1740.09,511.435,0,0,0,0
10354,0,0,0.036,-1740.101,512.305,0,0,0,0
10355,0,0,0.036,-1740.11,513.176,0,0,0,0
10356,0,0,0.036,-1740.119,513.955,0,0,0,0
10357,0,0,0.036,-1740.13,514.958,0,0,0,0
10358,0,0,0.036,-1740.139,515.851,0,0,0,0
10359,0,0,0.036,-1740.158,517.518,0,0,0,0
10360,0,0,0.036,-1740.169,518.516,0,0,0,0
10361,0,0,0.036,-1740.18,519.513,0,0,0,0
10362,0,0,0.036,-1740.189,520.396,0,0,0,0
10363,0,0,0.036,-1740.198,521.279,0,0,0,0
10364,0,0,0.036,-1740.209,522.16,0,0,0,0
10365,0,0,0.036,-1740.217,522.93,0,0,0,0
10366,0,0,0.036,-1740.226,523.809,0,0,0,0
10367,0,0,0.036,-1740.233,524.687,0,0,0,0
10368,0,0,0.036,-1740.242,525.562,0,0,0,0
10369,0,0,0.036,-1740.255,527.308,0,0,0,0
10370,0,0,0.036,-1740.261,528.18,0,0,0,0
10371,0,0,0.036,-1740.266,529.05,0,0,0,0
10372,0,0,0.036,-1740.272,529.918,0,0,0,0
10373,0,0,0.036,-1740.277,530.786,0,0,0,0
10374,0,0,0.036,-1740.281,531.653,0,0,0,0
10375,0,0,0.036,-1740.287,532.625,0,0,0,0
10376,0,0,0.036,-1740.29,533.487,0,0,0,0
10377,0,0,0.036,-1740.296,534.348,0,0,0,0
10378,0,0,0.036,-1740.298,534.994,0,0,0,0
10379,0,0,0.036,-1740.303,535.96,0,0,0,0
10380,0,0,0.036,-1740.307,536.925,0,0,0,0
10381,0,0,0.036,-1740.311,537.797,0,0,0,0
10382,0,0,0.036,-1740.316,538.574,0,0,0,0
10383,0,0,0.036,-1740.322,539.57,0,0,0,0
10384,0,0,0.036,-1740.325,540.454,0,0,0,0
10385,0,0,0.036,-1740.331,541.337,0,0,0,0
10386,0,0,0.036,-1740.336,542.218,0,0,0,0
10387,0,0,0.036,-1740.34,542.986,0,0,0,0
10388,0,0,0.036,-1740.346,543.975,0,0,0,0
10389,0,0,0.036,-1740.351,544.852,0,0,0,0
10390,0,0,0.036,-1740.355,545.726,0,0,0,0
10391,0,0,0.036,-1740.36,546.6,0,0,0,0
10392,0,0,0.036,-1740.366,547.583,0,0,0,0
10393,0,0,0.036,-1740.37,548.366,0,0,0,0
10394,0,0,0.036,-1740.375,549.277,0,0,0,0
10395,0,0,0.036,-1740.379,550.186,0,0,0,0
10396,0,0,0.036,-1740.384,551.208,0,0,0,0
10397,0,0,0.036,-1740.39,552.113,0,0,0,0
10398,0,0,0.036,-1740.395,553.018,0,0,0,0
10399,0,0,0.036,-1740.399,553.809,0,0,0,0
10400,0,0,0.036,-1740.405,554.712,0,0,0,0
10401,0,0,0.036,-1740.408,555.612,0,0,0,0
10402,0,0,0.036,-1740.419,557.409,0,0,0,0
10403,0,0,0.036,-1740.423,558.194,0,0,0,0
10404,0,0,0.036,-1740.429,559.313,0,0,0,0
10405,0,0,0.036,-1740.434,560.205,0,0,0,0
10406,0,0,0.036,-1740.443,561.988,0,0,0,0
10407,0,0,0.036,-1740.449,562.769,0,0,0,0
10408,0,0,0.036,-1740.453,563.685,0,0,0,0
10409,0,0,0.036,-1740.458,564.719,0,0,0,0
10410,0,0,0.036,-1740.462,565.522,0,0,0,0
10411,0,0,0.036,-1740.467,566.437,0,0,0,0
10412,0,0,0.036,-1740.473,567.351,0,0,0,0
10413,0,0,0.036,-1740.478,568.377,0,0,0,0
10414,0,0,0.036,-1740.482,569.288,0,0,0,0
10415,0,0,0.036,-1740.488,570.197,0,0,0,0
10416,0,0,0.036,-1740.493,571.104,0,0,0,0
10417,0,0,0.036,-1740.497,572.011,0,0,0,0
10418,0,0,0.036,-1740.508,573.82,0,0,0,0
10419,0,0,0.036,-1740.511,574.608,0,0,0,0
10420,0,0,0.036,-1740.517,575.51,0,0,0,0
10421,0,0,0.036,-1740.523,576.521,0,0,0,0
10422,0,0,0.036,-1740.526,577.419,0,0,0,0
10423,0,0,0.036,-1740.532,578.315,0,0,0,0
10424,0,0,0.036,-1740.537,579.209,0,0,0,0
10425,0,0,0.036,-1740.541,579.99,0,0,0,0
10426,0,0,0.036,-1740.547,580.883,0,0,0,0
10427,0,0,0.036,-1740.552,581.884,0,0,0,0
10428,0,0,0.036,-1740.556,582.773,0,0,0,0
10429,0,0,0.036,-1740.561,583.669,0,0,0,0
10430,0,0,0.036,-1740.565,584.578,0,0,0,0
10431,0,0,0.036,-1740.574,586.279,0,0,0,0
10432,0,0,0.036,-1740.58,587.296,0,0,0,0
10433,0,0,0.036,-1740.585,588.199,0,0,0,0
10434,0,0,0.036,-1740.591,589.101,0,0,0,0
10435,0,0,0.036,-1740.594,589.889,0,0,0,0
10436,0,0,0.036,-1740.6,590.9,0,0,0,0
10437,0,0,0.036,-1740.605,591.796,0,0,0,0
10438,0,0,0.036,-1740.609,592.692,0,0,0,0
10439,0,0,0.036,-1740.615,593.587,0,0,0,0
10440,0,0,0.036,-1740.62,594.481,0,0,0,0
10441,0,0,0.036,-1740.624,595.371,0,0,0,0
10442,0,0,0.033,-1740.629,596.26,0,0,0,0
10443,0,0,0.035,-1740.633,597.15,0,0,0,0
10444,0,0,0.036,-1740.637,598.037,0,0,0,0
10445,0,0,0.036,-1740.644,599.697,0,0,0,0
10446,0,0,0.036,-1740.65,600.69,0,0,0,0
10447,0,0,0.036,-1740.65,601.462,0,0,0,0
10448,0,0,0.036,-1740.65,603.33,0,0,0,0
10449,0,0,0.036,-1740.65,604.096,0,0,0,0
10450,0,0,0.036,-1740.648,604.973,0,0,0,0
10451,0,0,0.036,-1740.646,605.957,0,0,0,0
10452,0,0,0.036,-1740.644,606.829,0,0,0,0
10453,0,0,0.036,-1740.642,607.591,0,0,0,0
10454,0,0,0.036,-1740.64,608.571,0,0,0,0
10455,0,0,0.036,-1740.639,609.439,0,0,0,0
10456,0,0,0.036,-1740.637,610.415,0,0,0,0
10457,0,0,0.036,-1740.635,611.171,0,0,0,0
10458,0,0,0.036,-1740.633,611.819,0,0,0,0
10459,0,0,0.036,-1740.631,612.856,0,0,0,0
10460,0,0,0.036,-1740.629,613.676,0,0,0,0
10461,0,0,0.036,-1740.628,614.494,0,0,0,0
10462,0,0,0.036,-1740.626,615.312,0,0,0,0
10463,0,0,0.036,-1740.62,616.943,0,0,0,0
10464,0,0,0.036,-1740.618,617.752,0,0,0,0
10465,0,0,0.036,-1740.617,618.612,0,0,0,0
10466,0,0,0.036,-1740.615,619.269,0,0,0,0
10467,0,0,0.037,-1740.611,620.77,0,0,0,0
10468,0,0,0.037,-1740.609,621.519,0,0,0,0
10469,0,0,0.037,-1740.607,622.36,0,0,0,0
10470,0,0,0.037,-1740.605,623.106,0,0,0,0
10471,0,0,0.037,-1740.604,623.849,0,0,0,0
10472,0,0,0.037,-1740.602,624.476,0,0,0,0
10473,0,0,0.037,-1740.6,625.235,0,0,0,0
10474,0,0,0.037,-1740.598,625.899,0,0,0,0
10475,0,0,0.036,-1740.596,626.562,0,0,0,0
10476,0,0,0.036,-1740.594,627.142,0,0,0,0
10477,0,0,0.036,-1740.593,627.803,0,0,0,0
10478,0,0,0.036,-1740.589,628.547,0,0,0,0
10479,0,0,0.036,-1740.582,629.124,0,0,0,0
10480,0,0,0.036,-1740.574,629.782,0,0,0,0
10481,0,0,0.036,-1740.565,630.521,0,0,0,0
10482,0,0,0.036,-1740.539,631.832,0,0,0,0
10483,0,0,0.036,-1740.526,632.485,0,0,0,0
10484,0,0,0.036,-1740.513,633.056,0,0,0,0
10485,0,0,0.036,-1740.482,633.789,0,0,0,0
10486,0,0,0.036,-1740.445,634.357,0,0,0,0
10487,0,0,0.036,-1740.392,635.084,0,0,0,0
10488,0,0,0.036,-1740.346,635.73,0,0,0,0
10489,0,0,0.036,-1740.3,636.373,0,0,0,0
10490,0,0,0.036,-1740.242,637.017,0,0,0,0
10491,0,0,0.036,-1740.176,637.576,0,0,0,0
10492,0,0,0.036,-1740.064,638.286,0,0,0,0
10493,0,0,0.036,-1739.942,638.911,0,0,0,0
10494,0,0,0.036,-1739.809,639.535,0,0,0,0
10495,0,0,0.036,-1739.677,640.154,0,0,0,0
10496,0,0,0.036,-1739.537,640.774,0,0,0,0
10497,0,0,0.036,-1739.402,641.31,0,0,0,0
10498,0,0,0.036,-1739.199,641.989,0,0,0,0
10499,0,0,0.036,-1738.989,642.577,0,0,0,0
10500,0,0,0.036,-1738.776,643.076,0,0,0,0
10501,0,0,0.035,-1738.459,643.686,0,0,0,0
10502,0,0,0.035,-1737.764,644.651,0,0,0,0
10503,0,0,0.035,-1737.419,645.028,0,0,0,0
10504,0,0,0.035,-1736.95,645.486,0,0,0,0
10505,0,0,0.035,-1736.566,645.816,0,0,0,0
10506,0,0,0.035,-1736.045,646.193,0,0,0,0
10507,0,0,0.035,-1735.621,646.439,0,0,0,0
10508,0,0,0.035,-1735.12,646.666,0,0,0,0
10509,0,0,0.035,-1734.674,646.818,0,0,0,0
10510,0,0,0.035,-1734.091,646.966,0,0,0,0
10511,0,0,0.035,-1733.699,647.041,0,0,0,0
10512,0,0,0.035,-1733.041,647.131,0,0,0,0
10513,0,0,0.035,-1732.579,647.178,0,0,0,0
10514,0,0,0.036,-1732.048,647.213,0,0,0,0
10515,0,0,0.036,-1731.517,647.239,0,0,0,0
10516,0,0,0.036,-1730.985,647.258,0,0,0,0
10517,0,0,0.036,-1730.388,647.28,0,0,0,0
10518,0,0,0.036,-1729.857,647.306,0,0,0,0
10519,0,0,0.036,-1729.33,647.343,0,0,0,0
10520,0,0,0.036,-1728.934,647.376,0,0,0,0
10521,0,0,0.036,-1728.409,647.421,0,0,0,0
10522,0,0,0.036,-1727.353,647.502,0,0,0,0
10523,0,0,0.036,-1726.8,647.545,0,0,0,0
10524,0,0,0.036,-1726.109,647.599,0,0,0,0
10525,0,0,0.036,-1725.694,647.63,0,0,0,0
10526,0,0,0.036,-1725.075,647.679,0,0,0,0
10527,0,0,0.036,-1724.587,647.718,0,0,0,0
10528,0,0,0.036,-1723.933,647.768,0,0,0,0
10529,0,0,0.036,-1723.494,647.801,0,0,0,0
10530,0,0,0.036,-1722.766,647.859,0,0,0,0
10531,0,0,0.036,-1721.533,647.955,0,0,0,0
10532,0,0,0.036,-1721.027,647.994,0,0,0,0
10533,0,0,0.036,-1720.448,648.04,0,0,0,0
10534,0,0,0.036,-1719.797,648.091,0,0,0,0
10535,0,0,0.036,-1719.28,648.131,0,0,0,0
10536,0,0,0.036,-1717.966,648.233,0,0,0,0
10537,0,0,0.032,-1717.35,648.282,0,0,0,0
10538,0,0,0.035,-1716.81,648.324,0,0,0,0
10539,0,0,0.036,-1716.271,648.365,0,0,0,0
10540,0,0,0.037,-1715.657,648.415,0,0,0,0
10541,0,0,0.033,-1714.861,648.476,0,0,0,0
10542,0,0,0.036,-1714.284,648.523,0,0,0,0
10543,0,0,0.037,-1713.624,648.575,0,0,0,0
10544,0,0,0.037,-1713.048,648.619,0,0,0,0
10545,0,0,0.037,-1711.732,648.721,0,0,0,0
10546,0,0,0.037,-1711.159,648.768,0,0,0,0
10547,0,0,0.037,-1710.584,648.808,0,0,0,0
10548,0,0,0.037,-1709.685,648.864,0,0,0,0
10549,0,0,0.037,-1709.194,648.898,0,0,0,0
10550,0,0,0.037,-1708.461,648.946,0,0,0,0
10551,0,0,0.037,-1707.809,648.988,0,0,0,0
10552,0,0,0.037,-1707.158,649.029,0,0,0,0
10553,0,0,0.037,-1706.508,649.072,0,0,0,0
10554,0,0,0.037,-1705.859,649.113,0,0,0,0
10555,0,0,0.037,-1705.212,649.155,0,0,0,0
10556,0,0,0.037,-1704.403,649.207,0,0,0,0
10557,0,0,0.037,-1703.84,649.243,0,0,0,0
10558,0,0,0.037,-1703.276,649.28,0,0,0,0
10559,0,0,0.037,-1702.551,649.326,0,0,0,0
10560,0,0,0.037,-1701.908,649.367,0,0,0,0
10561,0,0,0.037,-1701.427,649.398,0,0,0,0
10562,0,0,0.037,-1700.705,649.441,0,0,0,0
10563,0,0,0.037,-1700.066,649.48,0,0,0,0
10564,0,0,0.037,-1699.426,649.517,0,0,0,0
10565,0,0,0.037,-1698.789,649.556,0,0,0,0
10566,0,0,0.037,-1698.151,649.593,0,0,0,0
10567,0,0,0.037,-1697.515,649.628,0,0,0,0
10568,0,0,0.037,-1696.8,649.66,0,0,0,0
10569,0,0,0.037,-1696.087,649.693,0,0,0,0
10570,0,0,0.037,-1695.534,649.721,0,0,0,0
10571,0,0,0.037,-1694.191,649.784,0,0,0,0
10572,0,0,0.037,-1693.717,649.807,0,0,0,0
10573,0,0,0.037,-1693.006,649.84,0,0,0,0
10574,0,0,0.037,-1692.345,649.871,0,0,0,0
10575,0,0,0.037,-1691.589,649.907,0,0,0,0
10576,0,0,0.037,-1690.417,649.953,0,0,0,0
10577,0,0,0.037,-1689.665,649.977,0,0,0,0
10578,0,0,0.037,-1688.913,650.003,0,0,0,0
10579,0,0,0.037,-1688.248,650.025,0,0,0,0
10580,0,0,0.037,-1687.832,650.035,0,0,0,0
10581,0,0,0.037,-1686.918,650.053,0,0,0,0
10582,0,0,0.037,-1686.337,650.068,0,0,0,0
10583,0,0,0.037,-1685.759,650.081,0,0,0,0
10584,0,0,0.037,-1685.014,650.098,0,0,0,0
10585,0,0,0.037,-1683.586,650.129,0,0,0,0
10586,0,0,0.037,-1682.971,650.142,0,0,0,0
10587,0,0,0.037,-1682.27,650.157,0,0,0,0
10588,0,0,0.037,-1681.57,650.174,0,0,0,0
10589,0,0,0.037,-1680.87,650.189,0,0,0,0
10590,0,0,0.037,-1680.172,650.205,0,0,0,0
10591,0,0,0.037,-1679.388,650.222,0,0,0,0
10592,0,0,0.037,-1678.029,650.254,0,0,0,0
10593,0,0,0.037,-1677.382,650.267,0,0,0,0
10594,0,0,0.037,-1676.553,650.285,0,0,0,0
10595,0,0,0.037,-1675.725,650.306,0,0,0,0
10596,0,0,0.037,-1675.174,650.317,0,0,0,0
10597,0,0,0.037,-1674.349,650.335,0,0,0,0
10598,0,0,0.037,-1673.523,650.345,0,0,0,0
10599,0,0,0.037,-1672.884,650.348,0,0,0,0
10600,0,0,0.037,-1672.244,650.354,0,0,0,0
10601,0,0,0.037,-1671.332,650.361,0,0,0,0
10602,0,0,0.037,-1670.696,650.365,0,0,0,0
10603,0,0,0.037,-1670.059,650.369,0,0,0,0
10604,0,0,0.037,-1669.242,650.372,0,0,0,0
10605,0,0,0.037,-1668.518,650.376,0,0,0,0
10606,0,0,0.037,-1667.975,650.38,0,0,0,0
10607,0,0,0.037,-1667.162,650.383,0,0,0,0
10608,0,0,0.037,-1666.44,650.387,0,0,0,0
10609,0,0,0.037,-1664.91,650.395,0,0,0,0
10610,0,0,0.037,-1664.265,650.396,0,0,0,0
10611,0,0,0.037,-1663.606,650.4,0,0,0,0
10612,0,0,0.037,-1662.76,650.406,0,0,0,0
10613,0,0,0.037,-1662.01,650.409,0,0,0,0
10614,0,0,0.037,-1660.419,650.417,0,0,0,0
10615,0,0,0.037,-1659.579,650.421,0,0,0,0
10616,0,0,0.037,-1659.113,650.424,0,0,0,0
10617,0,0,0.037,-1658.181,650.428,0,0,0,0
10618,0,0,0.037,-1657.252,650.434,0,0,0,0
10619,0,0,0.037,-1656.596,650.437,0,0,0,0
10620,0,0,0.037,-1655.916,650.441,0,0,0,0
10621,0,0,0.037,-1654.311,650.448,0,0,0,0
10622,0,0,0.036,-1652.612,650.458,0,0,0,0
10623,0,0,0.036,-1649.599,650.474,0,0,0,0
10624,0,0,0.036,-1648.42,650.482,0,0,0,0
10625,0,0,0.036,-1647.664,650.486,0,0,0,0
10626,0,0,0.036,-1646.802,650.491,0,0,0,0
10627,0,0,0.036,-1645.939,650.497,0,0,0,0
10628,0,0,0.036,-1644.972,650.502,0,0,0,0
10629,0,0,0.036,-1644.113,650.508,0,0,0,0
10630,0,0,0.036,-1643.256,650.513,0,0,0,0
10631,0,0,0.036,-1642.505,650.519,0,0,0,0
10632,0,0,0.036,-1641.732,650.523,0,0,0,0
10633,0,0,0.036,-1640.826,650.528,0,0,0,0
10634,0,0,0.036,-1639.691,650.536,0,0,0,0
10635,0,0,0.036,-1638.9,650.541,0,0,0,0
10636,0,0,0.036,-1637.883,650.549,0,0,0,0
10637,0,0,0.036,-1637.092,650.552,0,0,0,0
10638,0,0,0.036,-1635.405,650.563,0,0,0,0
10639,0,0,0.036,-1634.505,650.56,0,0,0,0
10640,0,0,0.036,-1633.722,650.554,0,0,0,0
10641,0,0,0.036,-1632.379,650.547,0,0,0,0
10642,0,0,0.036,-1631.71,650.541,0,0,0,0
10643,0,0,0.036,-1630.706,650.53,0,0,0,0
10644,0,0,0.036,-1629.703,650.519,0,0,0,0
10645,0,0,0.036,-1628.795,650.51,0,0,0,0
10646,0,0,0.036,-1628.113,650.5,0,0,0,0
10647,0,0,0.036,-1627.203,650.491,0,0,0,0
10648,0,0,0.036,-1626.182,650.478,0,0,0,0
10649,0,0,0.036,-1625.163,650.467,0,0,0,0
10650,0,0,0.036,-1624.258,650.456,0,0,0,0
10651,0,0,0.036,-1622.679,650.437,0,0,0,0
10652,0,0,0.036,-1621.779,650.426,0,0,0,0
10653,0,0,0.036,-1620.88,650.415,0,0,0,0
10654,0,0,0.036,-1619.87,650.404,0,0,0,0
10655,0,0,0.036,-1619.087,650.395,0,0,0,0
10656,0,0,0.036,-1618.081,650.382,0,0,0,0
10657,0,0,0.036,-1617.187,650.371,0,0,0,0
10658,0,0,0.036,-1613.852,650.332,0,0,0,0
10659,0,0,0.036,-1612.745,650.317,0,0,0,0
10660,0,0,0.036,-1611.971,650.307,0,0,0,0
10661,0,0,0.036,-1611.088,650.298,0,0,0,0
10662,0,0,0.036,-1610.318,650.287,0,0,0,0
10663,0,0,0.036,-1608.339,650.263,0,0,0,0
10664,0,0,0.036,-1607.242,650.25,0,0,0,0
10665,0,0,0.036,-1606.476,650.241,0,0,0,0
10666,0,0,0.036,-1605.602,650.23,0,0,0,0
10667,0,0,0.036,-1603.968,650.209,0,0,0,0
10668,0,0,0.036,-1602.337,650.192,0,0,0,0
10669,0,0,0.036,-1601.469,650.183,0,0,0,0
10670,0,0,0.036,-1600.496,650.174,0,0,0,0
10671,0,0,0.036,-1598.876,650.159,0,0,0,0
10672,0,0,0.036,-1597.153,650.142,0,0,0,0
10673,0,0,0.036,-1596.289,650.135,0,0,0,0
10674,0,0,0.035,-1595.408,650.127,0,0,0,0
10675,0,0,0.035,-1594.308,650.118,0,0,0,0
10676,0,0,0.035,-1593.542,650.111,0,0,0,0
10677,0,0,0.035,-1592.775,650.103,0,0,0,0
10678,0,0,0.035,-1591.9,650.096,0,0,0,0
10679,0,0,0.035,-1590.918,650.089,0,0,0,0
10680,0,0,0.035,-1590.155,650.085,0,0,0,0
10681,0,0,0.035,-1589.174,650.077,0,0,0,0
10682,0,0,0.035,-1587.439,650.066,0,0,0,0
10683,0,0,0.035,-1586.679,650.063,0,0,0,0
10684,0,0,0.035,-1585.6,650.057,0,0,0,0
10685,0,0,0.035,-1583.843,650.046,0,0,0,0
10686,0,0,0.035,-1583.068,650.042,0,0,0,0
10687,0,0,0.035,-1582.181,650.038,0,0,0,0
10688,0,0,0.035,-1581.405,650.033,0,0,0,0
10689,0,0,0.035,-1580.41,650.027,0,0,0,0
10690,0,0,0.035,-1579.749,650.024,0,0,0,0
10691,0,0,0.035,-1578.647,650.018,0,0,0,0
10692,0,0,0.035,-1577.879,650.014,0,0,0,0
10693,0,0,0.035,-1577.0,650.009,0,0,0,0
10694,0,0,0.035,-1575.903,650.005,0,0,0,0
10695,0,0,0.035,-1574.919,650.001,0,0,0,0
10696,0,0,0.035,-1574.263,649.999,0,0,0,0
10697,0,0,0.035,-1573.283,649.996,0,0,0,0
10698,0,0,0.035,-1572.302,649.994,0,0,0,0
10699,0,0,0.035,-1571.433,649.99,0,0,0,0
10700,0,0,0.035,-1570.773,649.988,0,0,0,0
10701,0,0,0.035,-1569.767,649.986,0,0,0,0
10702,0,0,0.035,-1568.873,649.983,0,0,0,0
10703,0,0,0.035,-1568.094,649.981,0,0,0,0
10704,0,0,0.035,-1566.314,649.977,0,0,0,0
10705,0,0,0.036,-1565.648,649.975,0,0,0,0
10706,0,0,0.036,-1563.767,649.97,0,0,0,0
10707,0,0,0.036,-1562.774,649.966,0,0,0,0
10708,0,0,0.036,-1561.123,649.962,0,0,0,0
10709,0,0,0.036,-1560.352,649.961,0,0,0,0
10710,0,0,0.036,-1559.035,649.957,0,0,0,0
10711,0,0,0.036,-1558.257,649.955,0,0,0,0
10712,0,0,0.036,-1557.369,649.951,0,0,0,0
10713,0,0,0.036,-1556.704,649.949,0,0,0,0
10714,0,0,0.036,-1555.707,649.948,0,0,0,0
10715,0,0,0.036,-1554.824,649.946,0,0,0,0
10716,0,0,0.036,-1554.052,649.942,0,0,0,0
10717,0,0,0.036,-1552.84,649.94,0,0,0,0
10718,0,0,0.036,-1551.192,649.935,0,0,0,0
10719,0,0,0.036,-1550.426,649.936,0,0,0,0
10720,0,0,0.036,-1549.55,649.942,0,0,0,0
10721,0,0,0.036,-1548.458,649.948,0,0,0,0
10722,0,0,0.036,-1547.914,649.951,0,0,0,0
10723,0,0,0.036,-1546.825,649.959,0,0,0,0
10724,0,0,0.036,-1545.847,649.968,0,0,0,0
10725,0,0,0.036,-1545.196,649.972,0,0,0,0
10726,0,0,0.036,-1544.221,649.977,0,0,0,0
10727,0,0,0.036,-1543.355,649.983,0,0,0,0
10728,0,0,0.036,-1542.493,649.988,0,0,0,0
10729,0,0,0.036,-1541.63,649.994,0,0,0,0
10730,0,0,0.036,-1540.984,649.998,0,0,0,0
10731,0,0,0.036,-1540.125,650.001,0,0,0,0
10732,0,0,0.036,-1539.159,650.007,0,0,0,0
10733,0,0,0.036,-1538.301,650.011,0,0,0,0
10734,0,0,0.036,-1537.446,650.016,0,0,0,0
10735,0,0,0.036,-1536.592,650.02,0,0,0,0
10736,0,0,0.036,-1535.632,650.025,0,0,0,0
10737,0,0,0.036,-1534.781,650.029,0,0,0,0
10738,0,0,0.036,-1533.931,650.033,0,0,0,0
10739,0,0,0.036,-1533.176,650.038,0,0,0,0
10740,0,0,0.036,-1532.297,650.042,0,0,0,0
10741,0,0,0.036,-1531.418,650.046,0,0,0,0
10742,0,0,0.036,-1530.543,650.051,0,0,0,0
10743,0,0,0.036,-1529.559,650.057,0,0,0,0
10744,0,0,0.036,-1528.685,650.059,0,0,0,0
10745,0,0,0.036,-1527.703,650.061,0,0,0,0
10746,0,0,0.036,-1526.725,650.064,0,0,0,0
10747,0,0,0.036,-1525.964,650.066,0,0,0,0
10748,0,0,0.036,-1525.313,650.066,0,0,0,0
10749,0,0,0.036,-1524.014,650.07,0,0,0,0
10750,0,0,0.036,-1523.365,650.07,0,0,0,0
10751,0,0,0.036,-1522.61,650.072,0,0,0,0
10752,0,0,0.036,-1521.854,650.074,0,0,0,0
10753,0,0,0.036,-1520.778,650.064,0,0,0,0
10754,0,0,0.036,-1520.026,650.059,0,0,0,0
10755,0,0,0.036,-1519.063,650.051,0,0,0,0
10756,0,0,0.036,-1518.099,650.042,0,0,0,0
10757,0,0,0.036,-1517.671,650.037,0,0,0,0
10758,0,0,0.036,-1516.498,650.025,0,0,0,0
10759,0,0,0.036,-1515.539,650.014,0,0,0,0
10760,0,0,0.036,-1514.688,650.005,0,0,0,0
10761,0,0,0.036,-1513.733,649.998,0,0,0,0
10762,0,0,0.036,-1513.098,649.996,0,0,0,0
10763,0,0,0.036,-1512.357,649.992,0,0,0,0
10764,0,0,0.036,-1511.404,649.986,0,0,0,0
10765,0,0,0.036,-1510.35,649.981,0,0,0,0
10766,0,0,0.036,-1509.613,649.979,0,0,0,0
10767,0,0,0.036,-1508.878,649.975,0,0,0,0
10768,0,0,0.036,-1508.034,649.974,0,0,0,0
10769,0,0,0.036,-1507.177,649.97,0,0,0,0
10770,0,0,0.036,-1505.36,649.964,0,0,0,0
10771,0,0,0.036,-1504.828,649.962,0,0,0,0
10772,0,0,0.036,-1503.764,649.959,0,0,0,0
10773,0,0,0.036,-1503.02,649.955,0,0,0,0
10774,0,0,0.036,-1501.958,649.953,0,0,0,0
10775,0,0,0.036,-1501.325,649.949,0,0,0,0
10776,0,0,0.036,-1500.477,649.948,0,0,0,0
10777,0,0,0.036,-1499.738,649.944,0,0,0,0
10778,0,0,0.036,-1498.579,649.94,0,0,0,0
10779,0,0,0.036,-1497.947,649.938,0,0,0,0
10780,0,0,0.036,-1496.896,649.935,0,0,0,0
10781,0,0,0.036,-1496.058,649.931,0,0,0,0
10782,0,0,0.036,-1495.325,649.929,0,0,0,0
10783,0,0,0.036,-1494.488,649.925,0,0,0,0
10784,0,0,0.036,-1493.541,649.923,0,0,0,0
10785,0,0,0.036,-1492.894,649.922,0,0,0,0
10786,0,0,0.036,-1491.82,649.918,0,0,0,0
10787,0,0,0.036,-1491.068,649.914,0,0,0,0
10788,0,0,0.036,-1490.211,649.912,0,0,0,0
10789,0,0,0.036,-1489.463,649.909,0,0,0,0
10790,0,0,0.036,-1488.501,649.905,0,0,0,0
10791,0,0,0.036,-1487.648,649.903,0,0,0,0
10792,0,0,0.036,-1486.052,649.897,0,0,0,0
10793,0,0,0.036,-1484.991,649.894,0,0,0,0
10794,0,0,0.036,-1484.355,649.892,0,0,0,0
10795,0,0,0.036,-1483.721,649.89,0,0,0,0
10796,0,0,0.036,-1482.558,649.884,0,0,0,0
10797,0,0,0.036,-1481.926,649.883,0,0,0,0
10798,0,0,0.036,-1480.869,649.879,0,0,0,0
10799,0,0,0.036,-1479.894,649.875,0,0,0,0
10800,0,0,0.036,-1479.028,649.873,0,0,0,0
10801,0,0,0.036,-1478.162,649.87,0,0,0,0
10802,0,0,0.036,-1477.515,649.868,0,0,0,0
10803,0,0,0.036,-1476.437,649.864,0,0,0,0
10804,0,0,0.036,-1475.574,649.862,0,0,0,0
10805,0,0,0.036,-1474.823,649.86,0,0,0,0
10806,0,0,0.036,-1473.0,649.855,0,0,0,0
10807,0,0,0.036,-1472.252,649.853,0,0,0,0
10808,0,0,0.036,-1471.397,649.851,0,0,0,0
10809,0,0,0.036,-1470.651,649.851,0,0,0,0
10810,0,0,0.036,-1469.692,649.851,0,0,0,0
10811,0,0,0.036,-1468.948,649.851,0,0,0,0
10812,0,0,0.036,-1468.098,649.851,0,0,0,0
10813,0,0,0.036,-1467.358,649.853,0,0,0,0
10814,0,0,0.036,-1465.443,649.855,0,0,0,0
10815,0,0,0.036,-1464.577,649.855,0,0,0,0
10816,0,0,0.036,-1463.604,649.857,0,0,0,0
10817,0,0,0.036,-1461.877,649.858,0,0,0,0
10818,0,0,0.036,-1461.126,649.858,0,0,0,0
10819,0,0,0.036,-1460.158,649.86,0,0,0,0
10820,0,0,0.036,-1459.299,649.862,0,0,0,0
10821,0,0,0.036,-1458.444,649.862,0,0,0,0
10822,0,0,0.036,-1457.696,649.86,0,0,0,0
10823,0,0,0.036,-1456.841,649.858,0,0,0,0
10824,0,0,0.036,-1455.99,649.857,0,0,0,0
10825,0,0,0.036,-1455.139,649.855,0,0,0,0
10826,0,0,0.036,-1454.289,649.853,0,0,0,0
10827,0,0,0.036,-1452.699,649.847,0,0,0,0
10828,0,0,0.036,-1451.748,649.846,0,0,0,0
10829,0,0,0.036,-1449.218,649.838,0,0,0,0
10830,0,0,0.036,-1448.483,649.836,0,0,0,0
10831,0,0,0.036,-1447.434,649.834,0,0,0,0
10832,0,0,0.036,-1446.703,649.834,0,0,0,0
10833,0,0,0.036,-1445.866,649.833,0,0,0,0
10834,0,0,0.036,-1444.926,649.831,0,0,0,0
10835,0,0,0.036,-1444.092,649.831,0,0,0,0
10836,0,0,0.036,-1443.34,649.829,0,0,0,0
10837,0,0,0.036,-1442.365,649.829,0,0,0,0
10838,0,0,0.036,-1440.741,649.827,0,0,0,0
10839,0,0,0.036,-1439.879,649.825,0,0,0,0
10840,0,0,0.036,-1439.125,649.825,0,0,0,0
10841,0,0,0.036,-1438.049,649.823,0,0,0,0
10842,0,0,0.036,-1437.297,649.821,0,0,0,0
10843,0,0,0.036,-1436.547,649.821,0,0,0,0
10844,0,0,0.036,-1435.584,649.82,0,0,0,0
10845,0,0,0.036,-1434.6,649.82,0,0,0,0
10846,0,0,0.036,-1433.816,649.818,0,0,0,0
10847,0,0,0.036,-1432.812,649.818,0,0,0,0
10848,0,0,0.036,-1431.03,649.816,0,0,0,0
10849,0,0,0.036,-1430.142,649.816,0,0,0,0
10850,0,0,0.036,-1429.254,649.814,0,0,0,0
10851,0,0,0.036,-1428.368,649.814,0,0,0,0
10852,0,0,0.036,-1427.483,649.814,0,0,0,0
10853,0,0,0.036,-1426.82,649.814,0,0,0,0
10854,0,0,0.036,-1425.804,649.812,0,0,0,0
10855,0,0,0.036,-1424.789,649.812,0,0,0,0
10856,0,0,0.036,-1424.0,649.812,0,0,0,0
10857,0,0,0.036,-1423.099,649.81,0,0,0,0
10858,0,0,0.036,-1422.2,649.81,0,0,0,0
10859,0,0,0.036,-1421.303,649.81,0,0,0,0
10860,0,0,0.036,-1420.295,649.81,0,0,0,0
10861,0,0,0.036,-1419.401,649.812,0,0,0,0
10862,0,0,0.036,-1418.507,649.812,0,0,0,0
10863,0,0,0.036,-1417.726,649.814,0,0,0,0
10864,0,0,0.036,-1416.948,649.814,0,0,0,0
10865,0,0,0.036,-1415.948,649.816,0,0,0,0
10866,0,0,0.036,-1414.057,649.82,0,0,0,0
10867,0,0,0.036,-1412.341,649.821,0,0,0,0
10868,0,0,0.036,-1411.199,649.825,0,0,0,0
10869,0,0,0.036,-1410.63,649.825,0,0,0,0
10870,0,0,0.036,-1409.946,649.827,0,0,0,0
10871,0,0,0.036,-1408.695,649.831,0,0,0,0
10872,0,0,0.036,-1407.786,649.833,0,0,0,0
10873,0,0,0.036,-1406.767,649.834,0,0,0,0
10874,0,0,0.036,-1405.75,649.836,0,0,0,0
10875,0,0,0.036,-1405.072,649.838,0,0,0,0
10876,0,0,0.036,-1404.057,649.84,0,0,0,0
10877,0,0,0.036,-1403.27,649.844,0,0,0,0
10878,0,0,0.036,-1402.483,649.851,0,0,0,0
10879,0,0,0.036,-1401.473,649.86,0,0,0,0
10880,0,0,0.036,-1399.794,649.879,0,0,0,0
10881,0,0,0.036,-1398.79,649.892,0,0,0,0
10882,0,0,0.036,-1397.898,649.903,0,0,0,0
10883,0,0,0.036,-1397.008,649.907,0,0,0,0
10884,0,0,0.036,-1395.344,649.916,0,0,0,0
10885,0,0,0.036,-1394.347,649.92,0,0,0,0
10886,0,0,0.036,-1393.463,649.923,0,0,0,0
10887,0,0,0.036,-1392.47,649.925,0,0,0,0
10888,0,0,0.036,-1391.478,649.927,0,0,0,0
10889,0,0,0.036,-1390.818,649.929,0,0,0,0
10890,0,0,0.036,-1389.941,649.931,0,0,0,0
10891,0,0,0.036,-1388.845,649.933,0,0,0,0
10892,0,0,0.036,-1388.298,649.933,0,0,0,0
10893,0,0,0.036,-1387.533,649.935,0,0,0,0
10894,0,0,0.036,-1386.32,649.936,0,0,0,0
10895,0,0,0.036,-1385.436,649.938,0,0,0,0
10896,0,0,0.036,-1384.443,649.94,0,0,0,0
10897,0,0,0.036,-1383.671,649.94,0,0,0,0
10898,0,0,0.036,-1383.011,649.942,0,0,0,0
10899,0,0,0.036,-1382.021,649.944,0,0,0,0
10900,0,0,0.036,-1381.142,649.946,0,0,0,0
10901,0,0,0.036,-1380.048,649.948,0,0,0,0
10902,0,0,0.036,-1379.392,649.948,0,0,0,0
10903,0,0,0.036,-1378.627,649.949,0,0,0,0
10904,0,0,0.036,-1377.536,649.951,0,0,0,0
10905,0,0,0.036,-1376.648,649.953,0,0,0,0
10906,0,0,0.036,-1375.856,649.953,0,0,0,0
10907,0,0,0.036,-1374.838,649.955,0,0,0,0
10908,0,0,0.036,-1373.935,649.957,0,0,0,0
10909,0,0,0.036,-1373.145,649.959,0,0,0,0
10910,0,0,0.036,-1372.246,649.961,0,0,0,0
10911,0,0,0.036,-1370.337,649.964,0,0,0,0
10912,0,0,0.036,-1369.553,649.966,0,0,0,0
10913,0,0,0.036,-1368.435,649.968,0,0,0,0
10914,0,0,0.036,-1367.877,649.968,0,0,0,0
10915,0,0,0.036,-1366.985,649.97,0,0,0,0
10916,0,0,0.036,-1365.872,649.972,0,0,0,0
10917,0,0,0.036,-1364.984,649.974,0,0,0,0
10918,0,0,0.036,-1364.318,649.974,0,0,0,0
10919,0,0,0.036,-1363.194,649.975,0,0,0,0
10920,0,0,0.036,-1362.282,649.977,0,0,0,0
10921,0,0,0.036,-1361.372,649.979,0,0,0,0
10922,0,0,0.036,-1360.463,649.981,0,0,0,0
10923,0,0,0.036,-1358.65,649.985,0,0,0,0
10924,0,0,0.036,-1357.745,649.987,0,0,0,0
10925,0,0,0.036,-1356.728,649.99,0,0,0,0
10926,0,0,0.036,-1355.939,649.992,0,0,0,0
10927,0,0,0.036,-1355.265,649.992,0,0,0,0
10928,0,0,0.036,-1354.253,649.996,0,0,0,0
10929,0,0,0.036,-1353.244,649.998,0,0,0,0
10930,0,0,0.036,-1352.573,649.999,0,0,0,0
10931,0,0,0.036,-1351.556,650.001,0,0,0,0
10932,0,0,0.036,-1349.803,650.005,0,0,0,0
10933,0,0,0.036,-1348.633,650.007,0,0,0,0
10934,0,0,0.036,-1347.699,650.009,0,0,0,0
10935,0,0,0.036,-1346.999,650.011,0,0,0,0
10936,0,0,0.036,-1345.95,650.012,0,0,0,0
10937,0,0,0.036,-1344.903,650.014,0,0,0,0
10938,0,0,0.036,-1343.977,650.016,0,0,0,0
10939,0,0,0.036,-1343.05,650.018,0,0,0,0
10940,0,0,0.036,-1342.239,650.02,0,0,0,0
10941,0,0,0.036,-1341.316,650.022,0,0,0,0
10942,0,0,0.036,-1339.434,650.027,0,0,0,0
10943,0,0,0.036,-1338.452,650.029,0,0,0,0
10944,0,0,0.036,-1337.346,650.031,0,0,0,0
10945,0,0,0.036,-1336.488,650.035,0,0,0,0
10946,0,0,0.036,-1334.409,650.04,0,0,0,0
10947,0,0,0.036,-1333.434,650.042,0,0,0,0
10948,0,0,0.036,-1332.568,650.046,0,0,0,0
10949,0,0,0.036,-1330.657,650.051,0,0,0,0
10950,0,0,0.036,-1329.382,650.055,0,0,0,0
10951,0,0,0.036,-1327.346,650.061,0,0,0,0
10952,0,0,0.036,-1326.585,650.064,0,0,0,0
10953,0,0,0.036,-1325.571,650.068,0,0,0,0
10954,0,0,0.036,-1324.305,650.072,0,0,0,0
10955,0,0,0.036,-1322.413,650.077,0,0,0,0
10956,0,0,0.036,-1321.407,650.081,0,0,0,0
10957,0,0,0.036,-1320.401,650.085,0,0,0,0
10958,0,0,0.036,-1319.271,650.089,0,0,0,0
10959,0,0,0.036,-1318.271,650.092,0,0,0,0
10960,0,0,0.036,-1317.517,650.094,0,0,0,0
10961,0,0,0.036,-1316.354,650.098,0,0,0,0
10962,0,0,0.036,-1315.315,650.102,0,0,0,0
10963,0,0,0.036,-1314.148,650.105,0,0,0,0
10964,0,0,0.035,-1313.244,650.109,0,0,0,0
10965,0,0,0.035,-1312.21,650.113,0,0,0,0
10966,0,0,0.035,-1311.307,650.115,0,0,0,0
10967,0,0,0.035,-1310.406,650.118,0,0,0,0
10968,0,0,0.035,-1309.12,650.122,0,0,0,0
10969,0,0,0.035,-1308.093,650.126,0,0,0,0
10970,0,0,0.035,-1306.94,650.129,0,0,0,0
10971,0,0,0.035,-1305.913,650.133,0,0,0,0
10972,0,0,0.035,-1305.126,650.137,0,0,0,0
10973,0,0,0.035,-1303.803,650.14,0,0,0,0
10974,0,0,0.035,-1302.749,650.144,0,0,0,0
10975,0,0,0.035,-1301.695,650.148,0,0,0,0
10976,0,0,0.035,-1300.907,650.152,0,0,0,0
10977,0,0,0.035,-1299.858,650.155,0,0,0,0
10978,0,0,0.035,-1298.548,650.161,0,0,0,0
10979,0,0,0.035,-1297.501,650.165,0,0,0,0
10980,0,0,0.035,-1296.718,650.166,0,0,0,0
10981,0,0,0.035,-1295.412,650.172,0,0,0,0
10982,0,0,0.034,-1294.612,650.176,0,0,0,0
10983,0,0,0.034,-1293.385,650.179,0,0,0,0
10984,0,0,0.034,-1292.154,650.185,0,0,0,0
10985,0,0,0.034,-1291.608,650.187,0,0,0,0
10986,0,0,0.034,-1290.245,650.192,0,0,0,0
10987,0,0,0.034,-1289.157,650.196,0,0,0,0
10988,0,0,0.034,-1287.799,650.202,0,0,0,0
10989,0,0,0.034,-1286.581,650.207,0,0,0,0
10990,0,0,0.034,-1285.634,650.211,0,0,0,0
10991,0,0,0.034,-1283.574,650.22,0,0,0,0
10992,0,0,0.034,-1282.325,650.226,0,0,0,0
10993,0,0,0.034,-1281.217,650.231,0,0,0,0
10994,0,0,0.034,-1279.975,650.235,0,0,0,0
10995,0,0,0.034,-1279.01,650.241,0,0,0,0
10996,0,0,0.034,-1278.046,650.244,0,0,0,0
10997,0,0,0.034,-1276.808,650.25,0,0,0,0
10998,0,0,0.034,-1275.709,650.255,0,0,0,0
10999,0,0,0.034,-1274.613,650.259,0,0,0,0
11000,0,0,0.034,-1273.656,650.265,0,0,0,0
11001,0,0,0.034,-1272.564,650.268,0,0,0,0
11002,0,0,0.034,-1271.336,650.274,0,0,0,0
11003,0,0,0.034,-1270.247,650.28,0,0,0,0
11004,0,0,0.034,-1269.704,650.281,0,0,0,0
11005,0,0,0.034,-1268.213,650.289,0,0,0,0
11006,0,0,0.035,-1267.026,650.294,0,0,0,0
11007,0,0,0.035,-1265.851,650.298,0,0,0,0
11008,0,0,0.035,-1263.765,650.307,0,0,0,0
11009,0,0,0.036,-1262.854,650.311,0,0,0,0
11010,0,0,0.036,-1261.817,650.317,0,0,0,0
11011,0,0,0.036,-1260.78,650.32,0,0,0,0
11012,0,0,0.035,-1259.744,650.324,0,0,0,0
11013,0,0,0.035,-1258.71,650.328,0,0,0,0
11014,0,0,0.035,-1257.807,650.332,0,0,0,0
11015,0,0,0.035,-1256.777,650.335,0,0,0,0
11016,0,0,0.035,-1254.851,650.343,0,0,0,0
11017,0,0,0.035,-1253.735,650.346,0,0,0,0
11018,0,0,0.036,-1251.651,650.356,0,0,0,0
11019,0,0,0.036,-1250.672,650.358,0,0,0,0
11020,0,0,0.036,-1249.696,650.361,0,0,0,0
11021,0,0,0.036,-1248.599,650.365,0,0,0,0
11022,0,0,0.036,-1247.748,650.369,0,0,0,0
11023,0,0,0.036,-1246.775,650.372,0,0,0,0
11024,0,0,0.036,-1245.806,650.376,0,0,0,0
11025,0,0,0.036,-1244.836,650.378,0,0,0,0
11026,0,0,0.036,-1243.736,650.384,0,0,0,0
11027,0,0,0.036,-1242.988,650.385,0,0,0,0
11028,0,0,0.036,-1242.24,650.387,0,0,0,0
11029,0,0,0.036,-1240.873,650.393,0,0,0,0
11030,0,0,0.036,-1239.756,650.396,0,0,0,0
11031,0,0,0.036,-1238.888,650.4,0,0,0,0
11032,0,0,0.036,-1237.898,650.402,0,0,0,0
11033,0,0,0.036,-1237.034,650.406,0,0,0,0
11034,0,0,0.036,-1235.801,650.409,0,0,0,0
11035,0,0,0.036,-1234.817,650.413,0,0,0,0
11036,0,0,0.036,-1232.975,650.421,0,0,0,0
11037,0,0,0.036,-1231.996,650.422,0,0,0,0
11038,0,0,0.036,-1231.018,650.426,0,0,0,0
11039,0,0,0.036,-1230.037,650.43,0,0,0,0
11040,0,0,0.036,-1229.168,650.434,0,0,0,0
11041,0,0,0.036,-1228.174,650.437,0,0,0,0
11042,0,0,0.036,-1227.185,650.439,0,0,0,0
11043,0,0,0.036,-1226.195,650.443,0,0,0,0
11044,0,0,0.036,-1224.347,650.45,0,0,0,0
11045,0,0,0.036,-1223.116,650.454,0,0,0,0
11046,0,0,0.036,-1221.277,650.46,0,0,0,0
11047,0,0,0.036,-1220.055,650.465,0,0,0,0
11048,0,0,0.036,-1219.217,650.467,0,0,0,0
11049,0,0,0.036,-1218.259,650.471,0,0,0,0
11050,0,0,0.036,-1217.302,650.474,0,0,0,0
11051,0,0,0.036,-1216.348,650.478,0,0,0,0
11052,0,0,0.036,-1214.562,650.484,0,0,0,0
11053,0,0,0.036,-1213.493,650.487,0,0,0,0
11054,0,0,0.036,-1212.69,650.491,0,0,0,0
11055,0,0,0.036,-1211.664,650.495,0,0,0,0
11056,0,0,0.036,-1210.868,650.497,0,0,0,0
11057,0,0,0.036,-1209.959,650.5,0,0,0,0
11058,0,0,0.036,-1208.938,650.502,0,0,0,0
11059,0,0,0.036,-1208.26,650.506,0,0,0,0
11060,0,0,0.036,-1207.243,650.508,0,0,0,0
11061,0,0,0.036,-1206.148,650.512,0,0,0,0
11062,0,0,0.036,-1204.656,650.515,0,0,0,0
11063,0,0,0.036,-1203.804,650.519,0,0,0,0
11064,0,0,0.036,-1202.743,650.521,0,0,0,0
11065,0,0,0.036,-1201.048,650.524,0,0,0,0
11066,0,0,0.036,-1200.309,650.526,0,0,0,0
11067,0,0,0.036,-1199.465,650.528,0,0,0,0
11068,0,0,0.036,-1198.623,650.53,0,0,0,0
11069,0,0,0.036,-1197.886,650.532,0,0,0,0
11070,0,0,0.036,-1196.94,650.536,0,0,0,0
11071,0,0,0.036,-1196.207,650.536,0,0,0,0
11072,0,0,0.036,-1194.429,650.541,0,0,0,0
11073,0,0,0.036,-1193.594,650.543,0,0,0,0
11074,0,0,0.036,-1192.674,650.545,0,0,0,0
11075,0,0,0.036,-1192.0,650.547,0,0,0,0
11076,0,0,0.036,-1191.335,650.549,0,0,0,0
11077,0,0,0.036,-1190.482,650.55,0,0,0,0
11078,0,0,0.036,-1189.63,650.55,0,0,0,0
11079,0,0,0.037,-1188.967,650.552,0,0,0,0
11080,0,0,0.037,-1188.305,650.554,0,0,0,0
11081,0,0,0.037,-1187.526,650.556,0,0,0,0
11082,0,0,0.037,-1186.827,650.556,0,0,0,0
11083,0,0,0.036,-1185.733,650.558,0,0,0,0
11084,0,0,0.036,-1184.244,650.558,0,0,0,0
11085,0,0,0.036,-1183.452,650.554,0,0,0,0
11086,0,0,0.036,-1182.659,650.55,0,0,0,0
11087,0,0,0.036,-1181.771,650.547,0,0,0,0
11088,0,0,0.036,-1181.082,650.543,0,0,0,0
11089,0,0,0.036,-1180.293,650.539,0,0,0,0
11090,0,0,0.036,-1179.606,650.536,0,0,0,0
11091,0,0,0.036,-1178.723,650.53,0,0,0,0
11092,0,0,0.036,-1177.94,650.524,0,0,0,0
11093,0,0,0.036,-1177.059,650.519,0,0,0,0
11094,0,0,0.036,-1176.376,650.515,0,0,0,0
11095,0,0,0.036,-1175.694,650.512,0,0,0,0
11096,0,0,0.036,-1174.817,650.506,0,0,0,0
11097,0,0,0.036,-1174.039,650.5,0,0,0,0
11098,0,0,0.036,-1173.359,650.497,0,0,0,0
11099,0,0,0.036,-1172.487,650.491,0,0,0,0
11100,0,0,0.037,-1170.976,650.482,0,0,0,0
11101,0,0,0.037,-1170.252,650.476,0,0,0,0
11102,0,0,0.037,-1169.618,650.473,0,0,0,0
11103,0,0,0.037,-1168.898,650.467,0,0,0,0
11104,0,0,0.037,-1168.266,650.463,0,0,0,0
11105,0,0,0.037,-1167.276,650.456,0,0,0,0
11106,0,0,0.037,-1166.648,650.452,0,0,0,0
11107,0,0,0.037,-1165.931,650.454,0,0,0,0
11108,0,0,0.037,-1165.303,650.452,0,0,0,0
11109,0,0,0.037,-1164.499,650.45,0,0,0,0
11110,0,0,0.037,-1163.875,650.45,0,0,0,0
11111,0,0,0.037,-1163.071,650.448,0,0,0,0
11112,0,0,0.037,-1162.271,650.448,0,0,0,0
11113,0,0,0.037,-1161.65,650.448,0,0,0,0
11114,0,0,0.037,-1160.939,650.447,0,0,0,0
11115,0,0,0.037,-1160.231,650.447,0,0,0,0
11116,0,0,0.037,-1158.818,650.447,0,0,0,0
11117,0,0,0.037,-1158.024,650.445,0,0,0,0
11118,0,0,0.037,-1157.408,650.445,0,0,0,0
11119,0,0,0.037,-1156.618,650.445,0,0,0,0
11120,0,0,0.037,-1155.916,650.445,0,0,0,0
11121,0,0,0.037,-1155.302,650.443,0,0,0,0
11122,0,0,0.037,-1154.69,650.443,0,0,0,0
11123,0,0,0.037,-1154.079,650.443,0,0,0,0
11124,0,0,0.037,-1153.119,650.443,0,0,0,0
11125,0,0,0.037,-1151.643,650.441,0,0,0,0
11126,0,0,0.037,-1150.985,650.441,0,0,0,0
11127,0,0,0.037,-1150.332,650.439,0,0,0,0
11128,0,0,0.037,-1149.682,650.439,0,0,0,0
11129,0,0,0.037,-1149.031,650.439,0,0,0,0
11130,0,0,0.037,-1148.385,650.439,0,0,0,0
11131,0,0,0.037,-1147.773,650.437,0,0,0,0
11132,0,0,0.037,-1147.345,650.437,0,0,0,0
11133,0,0,0.037,-1146.649,650.437,0,0,0,0
11134,0,0,0.037,-1146.162,650.435,0,0,0,0
11135,0,0,0.037,-1145.676,650.435,0,0,0,0
11136,0,0,0.037,-1144.983,650.434,0,0,0,0
11137,0,0,0.037,-1144.497,650.434,0,0,0,0
11138,0,0,0.037,-1144.014,650.432,0,0,0,0
11139,0,0,0.037,-1143.461,650.43,0,0,0,0
11140,0,0,0.037,-1142.91,650.421,0,0,0,0
11141,0,0,0.037,-1142.291,650.4,0,0,0,0
11142,0,0,0.037,-1141.812,650.387,0,0,0,0
11143,0,0,0.037,-1141.263,650.374,0,0,0,0
11144,0,0,0.037,-1140.579,650.358,0,0,0,0
11145,0,0,0.037,-1140.032,650.343,0,0,0,0
11146,0,0,0.037,-1139.486,650.328,0,0,0,0
11147,0,0,0.037,-1138.467,650.287,0,0,0,0
11148,0,0,0.037,-1137.924,650.256,0,0,0,0
11149,0,0,0.037,-1137.384,650.228,0,0,0,0
11150,0,0,0.037,-1136.776,650.198,0,0,0,0
11151,0,0,0.037,-1136.438,650.179,0,0,0,0
11152,0,0,0.037,-1135.832,650.135,0,0,0,0
11153,0,0,0.037,-1135.165,650.059,0,0,0,0
11154,0,0,0.037,-1134.704,649.985,0,0,0,0
11155,0,0,0.037,-1134.115,649.879,0,0,0,0
11156,0,0,0.037,-1133.722,649.807,0,0,0,0
11157,0,0,0.037,-1133.068,649.686,0,0,0,0
11158,0,0,0.037,-1132.545,649.59,0,0,0,0
11159,0,0,0.037,-1132.091,649.493,0,0,0,0
11160,0,0,0.037,-1131.644,649.384,0,0,0,0
11161,0,0,0.037,-1131.139,649.237,0,0,0,0
11162,0,0,0.037,-1130.588,649.04,0,0,0,0
11163,0,0,0.037,-1130.116,648.831,0,0,0,0
11164,0,0,0.037,-1129.615,648.558,0,0,0,0
11165,0,0,0.037,-1128.478,647.773,0,0,0,0
11166,0,0,0.037,-1128.028,647.354,0,0,0,0
11167,0,0,0.037,-1127.787,647.083,0,0,0,0
11168,0,0,0.037,-1127.538,646.749,0,0,0,0
11169,0,0,0.037,-1127.273,646.3,0,0,0,0
11170,0,0,0.037,-1127.048,645.837,0,0,0,0
11171,0,0,0.037,-1126.854,645.36,0,0,0,0
11172,0,0,0.037,-1126.72,644.981,0,0,0,0
11173,0,0,0.037,-1126.561,644.492,0,0,0,0
11174,0,0,0.037,-1126.313,643.609,0,0,0,0
11175,0,0,0.037,-1126.077,642.72,0,0,0,0
11176,0,0,0.037,-1125.938,642.223,0,0,0,0
11177,0,0,0.037,-1125.828,641.839,0,0,0,0
11178,0,0,0.037,-1125.703,641.397,0,0,0,0
11179,0,0,0.037,-1125.469,640.516,0,0,0,0
11180,0,0,0.037,-1125.36,640.074,0,0,0,0
11181,0,0,0.037,-1125.26,639.69,0,0,0,0
11182,0,0,0.037,-1125.059,638.807,0,0,0,0
11183,0,0,0.037,-1124.956,638.308,0,0,0,0
11184,0,0,0.037,-1124.864,637.869,0,0,0,0
11185,0,0,0.037,-1124.768,637.372,0,0,0,0
11186,0,0,0.037,-1124.704,636.984,0,0,0,0
11187,0,0,0.037,-1124.544,636.047,0,0,0,0
11188,0,0,0.037,-1124.468,635.605,0,0,0,0
11189,0,0,0.037,-1124.409,635.221,0,0,0,0
11190,0,0,0.037,-1124.346,634.78,0,0,0,0
11191,0,0,0.037,-1124.278,634.34,0,0,0,0
11192,0,0,0.037,-1124.212,633.902,0,0,0,0
11193,0,0,0.037,-1124.149,633.409,0,0,0,0
11194,0,0,0.037,-1124.101,632.969,0,0,0,0
11195,0,0,0.037,-1124.057,632.587,0,0,0,0
11196,0,0,0.037,-1123.994,632.096,0,0,0,0
11197,0,0,0.037,-1123.95,631.713,0,0,0,0
11198,0,0,0.037,-1123.908,631.276,0,0,0,0
11199,0,0,0.037,-1123.882,630.84,0,0,0,0
11200,0,0,0.037,-1123.869,630.404,0,0,0,0
11201,0,0,0.037,-1123.858,630.023,0,0,0,0
11202,0,0,0.037,-1123.841,629.535,0,0,0,0
11203,0,0,0.037,-1123.823,629.101,0,0,0,0
11204,0,0,0.037,-1123.812,628.667,0,0,0,0
11205,0,0,0.037,-1123.808,628.235,0,0,0,0
11206,0,0,0.037,-1123.799,627.803,0,0,0,0
11207,0,0,0.037,-1123.786,627.319,0,0,0,0
11208,0,0,0.037,-1123.766,626.51,0,0,0,0
11209,0,0,0.037,-1123.753,626.055,0,0,0,0
11210,0,0,0.037,-1123.742,625.573,0,0,0,0
11211,0,0,0.037,-1123.727,625.026,0,0,0,0
11212,0,0,0.037,-1123.718,624.662,0,0,0,0
11213,0,0,0.037,-1123.705,624.178,0,0,0,0
11214,0,0,0.037,-1123.689,623.566,0,0,0,0
11215,0,0,0.037,-1123.663,622.562,0,0,0,0
11216,0,0,0.037,-1123.648,622.005,0,0,0,0
11217,0,0,0.037,-1123.635,621.518,0,0,0,0
11218,0,0,0.037,-1123.624,620.892,0,0,0,0
11219,0,0,0.037,-1123.613,620.406,0,0,0,0
11220,0,0,0.037,-1123.6,619.781,0,0,0,0
11221,0,0,0.037,-1123.589,619.228,0,0,0,0
11222,0,0,0.037,-1123.571,618.123,0,0,0,0
11223,0,0,0.037,-1123.56,617.572,0,0,0,0
11224,0,0,0.037,-1123.55,617.021,0,0,0,0
11225,0,0,0.037,-1123.539,616.403,0,0,0,0
11226,0,0,0.037,-1123.53,615.913,0,0,0,0
11227,0,0,0.037,-1123.508,614.633,0,0,0,0
11228,0,0,0.037,-1123.499,614.099,0,0,0,0
11229,0,0,0.037,-1123.486,613.412,0,0,0,0
11230,0,0,0.037,-1123.477,612.804,0,0,0,0
11231,0,0,0.037,-1123.466,612.272,0,0,0,0
11232,0,0,0.037,-1123.456,611.739,0,0,0,0
11233,0,0,0.037,-1123.443,610.943,0,0,0,0
11234,0,0,0.037,-1123.421,609.71,0,0,0,0
11235,0,0,0.037,-1123.41,608.971,0,0,0,0
11236,0,0,0.037,-1123.408,608.316,0,0,0,0
11237,0,0,0.037,-1123.405,607.745,0,0,0,0
11238,0,0,0.037,-1123.399,607.092,0,0,0,0
11239,0,0,0.037,-1123.396,606.439,0,0,0,0
11240,0,0,0.037,-1123.39,605.706,0,0,0,0
11241,0,0,0.037,-1123.386,605.139,0,0,0,0
11242,0,0,0.037,-1123.383,604.487,0,0,0,0
11243,0,0,0.037,-1123.379,603.73,0,0,0,0
11244,0,0,0.037,-1123.375,603.133,0,0,0,0
11245,0,0,0.037,-1123.372,602.367,0,0,0,0
11246,0,0,0.037,-1123.368,601.855,0,0,0,0
11247,0,0,0.037,-1123.364,601.091,0,0,0,0
11248,0,0,0.037,-1123.355,599.766,0,0,0,0
11249,0,0,0.037,-1123.353,599.167,0,0,0,0
11250,0,0,0.037,-1123.349,598.618,0,0,0,0
11251,0,0,0.037,-1123.346,598.056,0,0,0,0
11252,0,0,0.037,-1123.344,597.609,0,0,0,0
11253,0,0,0.037,-1123.342,597.258,0,0,0,0
11254,0,0,0.037,-1123.34,596.9,0,0,0,0
11255,0,0,0.037,-1123.34,596.627,0,0,0,0
11256,0,0,0.037,-1123.338,596.254,0,0,0,0
11257,0,0,0.038,-1123.338,596.03,0,0,0,0
11258,0,0,0.038,-1123.337,595.649,0,0,0,0
11259,0,0,0.038,-1123.337,595.312,0,0,0,0
11260,0,0,0.038,-1123.335,594.993,0,0,0,0
11261,0,0,0.038,-1123.333,594.598,0,0,0,0
11262,0,0,0.038,-1123.331,594.184,0,0,0,0
11263,0,0,0.038,-1123.327,593.306,0,0,0,0
11264,0,0,0.037,-1123.324,592.535,0,0,0,0
11265,0,0,0.037,-1123.32,592.073,0,0,0,0
11266,0,0,0.037,-1123.318,591.663,0,0,0,0
11267,0,0,0.037,-1123.316,591.232,0,0,0,0
11268,0,0,0.037,-1123.314,590.828,0,0,0,0
11269,0,0,0.037,-1123.313,590.277,0,0,0,0
11270,0,0,0.037,-1123.311,589.845,0,0,0,0
11271,0,0,0.037,-1123.307,588.858,0,0,0,0
11272,0,0,0.037,-1123.305,588.296,0,0,0,0
11273,0,0,0.037,-1123.302,587.761,0,0,0,0
11274,0,0,0.037,-1123.3,587.268,0,0,0,0
11275,0,0,0.037,-1123.296,586.604,0,0,0,0
11276,0,0,0.037,-1123.294,586.086,0,0,0,0
11277,0,0,0.037,-1123.29,585.494,0,0,0,0
11278,0,0,0.037,-1123.289,584.905,0,0,0,0
11279,0,0,0.037,-1123.285,584.316,0,0,0,0
11280,0,0,0.037,-1123.281,583.649,0,0,0,0
11281,0,0,0.037,-1123.279,583.023,0,0,0,0
11282,0,0,0.037,-1123.267,581.05,0,0,0,0
11283,0,0,0.037,-1123.263,580.391,0,0,0,0
11284,0,0,0.037,-1123.259,579.818,0,0,0,0
11285,0,0,0.037,-1123.255,579.161,0,0,0,0
11286,0,0,0.037,-1123.252,578.425,0,0,0,0
11287,0,0,0.037,-1123.248,577.836,0,0,0,0
11288,0,0,0.037,-1123.244,577.131,0,0,0,0
11289,0,0,0.037,-1123.239,576.317,0,0,0,0
11290,0,0,0.037,-1123.235,575.686,0,0,0,0
11291,0,0,0.037,-1123.23,574.877,0,0,0,0
11292,0,0,0.037,-1123.226,574.158,0,0,0,0
11293,0,0,0.037,-1123.22,573.44,0,0,0,0
11294,0,0,0.037,-1123.217,572.813,0,0,0,0
11295,0,0,0.037,-1123.208,571.471,0,0,0,0
11296,0,0,0.037,-1123.202,570.579,0,0,0,0
11297,0,0,0.037,-1123.198,570.043,0,0,0,0
11298,0,0,0.037,-1123.191,569.154,0,0,0,0
11299,0,0,0.037,-1123.187,568.444,0,0,0,0
11300,0,0,0.037,-1123.184,567.822,0,0,0,0
11301,0,0,0.037,-1123.18,567.116,0,0,0,0
11302,0,0,0.037,-1123.174,566.407,0,0,0,0
11303,0,0,0.037,-1123.171,565.613,0,0,0,0
11304,0,0,0.037,-1123.167,564.997,0,0,0,0
11305,0,0,0.037,-1123.163,564.205,0,0,0,0
11306,0,0,0.037,-1123.156,562.975,0,0,0,0
11307,0,0,0.037,-1123.15,562.099,0,0,0,0
11308,0,0,0.037,-1123.143,560.701,0,0,0,0
11309,0,0,0.037,-1123.139,560.09,0,0,0,0
11310,0,0,0.037,-1123.136,559.394,0,0,0,0
11311,0,0,0.037,-1123.132,558.612,0,0,0,0
11312,0,0,0.037,-1123.128,557.922,0,0,0,0
11313,0,0,0.037,-1123.119,556.667,0,0,0,0
11314,0,0,0.037,-1123.117,556.18,0,0,0,0
11315,0,0,0.037,-1123.114,555.608,0,0,0,0
11316,0,0,0.037,-1123.11,554.74,0,0,0,0
11317,0,0,0.037,-1123.108,554.38,0,0,0,0
11318,0,0,0.037,-1123.106,554.067,0,0,0,0
11319,0,0,0.037,-1123.106,553.833,0,0,0,0
11320,0,0,0.038,-1123.104,553.586,0,0,0,0
11321,0,0,0.038,-1123.104,553.419,0,0,0,0
11322,0,0,0.038,-1123.104,553.299,0,0,0,0
11323,0,0,0.038,-1123.104,553.226,0,0,0,0
11324,0,0,0.038,-1123.104,553.2,0,0,0,0
